lstm_units,batch_size,dropout_rate,learning_rate,lag_days,num_layers,sequence_length,activation_function,optimizer,train_rmse,train_mae,train_mean_residual,train_std_residual,train_r2,train_exact_match_percentage,val_rmse,val_mae,val_mean_residual,val_std_residual,val_r2,val_exact_match_percentage,model_file
96,16,0.11000430208906678,0.0027575428905075015,1,1,30,relu,adam,0.5490763416155218,0.2278889606197547,0.0342156229825694,0.548009233558888,0.3189163793444345,0.8011620400258231,0.7442393536819067,0.36227544910179643,0.0748502994011976,0.740465831925021,0.17498931852168342,0.6976047904191617,models/zone_5/trial_001.h5
32,16,0.30214211524134493,0.00027509433714179764,1,3,27,tanh,adam,0.6086786432278115,0.25966494845360827,0.047036082474226804,0.6068585483184095,0.16165324535264303,0.7809278350515464,0.7348873023675188,0.36795252225519287,0.0712166172106825,0.7314284248059245,0.19009639508781184,0.6824925816023739,models/zone_5/trial_002.h5
32,16,0.48288522888271246,0.0033725795056751416,1,2,10,tanh,rmsprop,0.5909881970698269,0.248565965583174,0.03824091778202677,0.5897496767977349,0.20233118657842164,0.7903123008285532,0.7287478619712606,0.3672316384180791,0.07909604519774012,0.7244427251079002,0.17695798963653675,0.6807909604519774,models/zone_5/trial_003.h5
64,16,0.3208162525092908,0.00829575259588742,3,2,25,relu,adam,0.6022937256511667,0.26353092783505155,0.01610824742268041,0.6020782808935501,0.17914917762354443,0.7731958762886598,0.7246197253129978,0.3480825958702065,0.08259587020648967,0.7198969846703882,0.20900296253572082,0.7050147492625368,models/zone_5/trial_004.h5
32,32,0.21118944124403685,0.006360487598201358,2,1,18,tanh,adam,0.5535433645255414,0.2153846153846154,0.07435897435897436,0.5485262066141761,0.30362085775441816,0.8185897435897436,0.7312195846152204,0.33815028901734107,0.13005780346820808,0.7195603162222611,0.18413908255477518,0.7225433526011561,models/zone_5/trial_005.h5
32,64,0.3539913152788241,0.005346057371526783,1,1,21,tanh,rmsprop,0.5743780472882605,0.24646983311938384,0.006418485237483954,0.574342183940838,0.2510287911890582,0.7869062901155327,0.7344103761406768,0.3760932944606414,0.03206997084548105,0.7337098319860927,0.1824284278609527,0.673469387755102,models/zone_5/trial_006.h5
96,32,0.43714076807592384,0.007762239116346986,1,1,17,tanh,rmsprop,0.5730838472952539,0.24775928297055058,0.013444302176696543,0.5729261267997049,0.2527751460308698,0.7848911651728553,0.7281891004363058,0.3688760806916426,0.0345821325648415,0.7273674739095116,0.18910818156417497,0.6772334293948127,models/zone_5/trial_007.h5
96,32,0.18505061762165625,0.00499732028232785,3,2,11,tanh,adam,0.583401747493345,0.2547892720306513,-0.0031928480204342275,0.5833930104996177,0.22394229481858352,0.7796934865900383,0.7258871684381231,0.35127478753541075,0.0679886685552408,0.7226961479426895,0.18516220308272735,0.7025495750708215,models/zone_5/trial_008.h5
96,32,0.2447985774854444,0.009973284522111719,1,3,22,relu,adam,0.5678159036603171,0.21836865767501606,0.10404624277456648,0.5582018271325153,0.26844348602523704,0.8220937700706487,0.7550996216370998,0.34210526315789475,0.17251461988304093,0.7351286584830584,0.13685545661627674,0.7251461988304093,models/zone_5/trial_009.h5
64,64,0.20056564799272528,0.005536726703190722,1,3,30,relu,rmsprop,0.6249596500854998,0.2317624273724984,0.1697869593285991,0.6014540320564314,0.1176539818059591,0.8276307295029051,0.7872486767482789,0.37425149700598803,0.23053892215568864,0.7527365305425329,0.07687994018372146,0.7065868263473054,models/zone_5/trial_010.h5
96,16,0.3030726698417301,0.0010730441197490728,3,2,27,relu,adam,0.603217181239009,0.2567741935483871,0.05548387096774193,0.600660060104191,0.1775300687931839,0.7838709677419354,0.7488864136396952,0.3590504451038576,0.13353115727002968,0.736885534240055,0.15894625643734306,0.7002967359050445,models/zone_5/trial_011.h5
96,32,0.29544228321157917,0.0011275585759557417,2,2,14,relu,adam,0.608444412892881,0.28452685421994883,-0.03516624040920716,0.6074273117962712,0.1568034444614118,0.7487212276214834,0.7211102550927979,0.3657142857142857,0.02857142857142857,0.7205440121667709,0.20031133875665375,0.6771428571428572,models/zone_5/trial_012.h5
96,16,0.15135658579990513,0.004758070957206326,3,1,15,tanh,adam,0.5702842025717922,0.22919334186939821,0.06274007682458387,0.5668225070187229,0.2600580393444091,0.8066581306017926,0.7221426253495252,0.33810888252148996,0.12034383954154727,0.7120444730711019,0.19976314662231953,0.7163323782234957,models/zone_5/trial_013.h5
32,64,0.22468651652035798,0.009951542073042339,3,2,21,tanh,adam,0.5623125223135642,0.2275064267352185,0.05912596401028278,0.5591953979875884,0.28294662225702394,0.8059125964010283,0.7403411080496757,0.34402332361516036,0.13411078717201166,0.728092887640255,0.16917051047491416,0.7230320699708455,models/zone_5/trial_014.h5
32,16,0.12839723440361303,0.006314718543128288,1,1,8,tanh,adam,0.5550531712505934,0.23042647994907703,0.02673456397199236,0.5544089519520478,0.2956240284728101,0.800763844684914,0.7266979342480956,0.34831460674157305,0.08426966292134831,0.7217953391035244,0.17806133100814225,0.7050561797752809,models/zone_5/trial_015.h5
32,64,0.15292473949001,0.009355787263400904,3,3,22,relu,rmsprop,0.594724935744367,0.24694533762057877,0.06816720257234726,0.5908053670115074,0.19833790443981603,0.7922829581993569,0.7550996216370998,0.3713450292397661,0.11403508771929824,0.7464391719124495,0.13685545661627674,0.6871345029239766,models/zone_5/trial_016.h5
32,64,0.36138219530631666,0.006465335715436894,1,2,30,tanh,adam,0.5502508378059346,0.21755971594577148,0.06778566817301485,0.5460596008646592,0.3159995330032972,0.81536475145255,0.7542295906745518,0.3532934131736527,0.1437125748502994,0.7404113527485913,0.15269173253578294,0.7155688622754491,models/zone_5/trial_017.h5
64,16,0.44979438162823204,0.0007630950348591508,3,1,8,relu,adam,0.5882859049198291,0.2530274059910771,0.027405991077119184,0.5876471880137121,0.20960918670088124,0.7820267686424475,0.7169692767617206,0.351123595505618,0.08707865168539326,0.7116616135783064,0.19992140199196828,0.6966292134831461,models/zone_5/trial_018.h5
64,32,0.2925433671884158,0.008647857436361853,1,1,19,relu,rmsprop,0.5547001962252291,0.2153846153846154,0.08076923076923077,0.5487883372059345,0.3007071374939764,0.8192307692307692,0.746003846592251,0.3536231884057971,0.1391304347826087,0.7329150436767123,0.15268112975849368,0.7101449275362319,models/zone_5/trial_019.h5
64,32,0.37863660144006506,0.007307748120980505,3,3,29,tanh,adam,0.5734207613167175,0.23837209302325582,0.0458656330749354,0.5715835137682675,0.2575896340015603,0.7952196382428941,0.7370777313754311,0.34626865671641793,0.08358208955223881,0.7323234370110203,0.18894830659536543,0.7134328358208956,models/zone_5/trial_020.h5
64,64,0.4677548523328301,0.005315950091352707,1,3,9,relu,adam,0.5517776714638919,0.21656050955414013,0.06496815286624204,0.547939538488749,0.30428962376795676,0.8178343949044586,0.723839527776586,0.3323943661971831,0.11267605633802817,0.7150159217107969,0.1862614611061817,0.7295774647887324,models/zone_5/trial_021.h5
96,16,0.26768996613434903,0.0058408861700193345,3,2,15,relu,rmsprop,0.5753137539577493,0.25416133162612037,-0.017285531370038413,0.5750540199826562,0.24694883138003842,0.7765685019206146,0.7260996008623698,0.3667621776504298,0.017191977077363897,0.7258960437257281,0.19096933504674063,0.6790830945558739,models/zone_5/trial_022.h5
32,16,0.28331420904743443,0.00998455986413588,1,1,24,relu,rmsprop,0.5555912814522233,0.2212218649517685,0.06688102893890675,0.5515510855703183,0.3003676256929303,0.8141479099678457,0.7455751826215626,0.35,0.10882352941176471,0.7375905316552966,0.160702157672013,0.7147058823529412,models/zone_5/trial_023.h5
32,32,0.2139949564866627,0.004387463884347021,3,3,16,relu,rmsprop,0.5727083682644046,0.24087123638693145,0.032030749519538756,0.5718119500021781,0.25415972213149474,0.7924407431133889,0.7291153512320934,0.3706896551724138,0.05459770114942529,0.7270682818219324,0.18525924144825923,0.6781609195402298,models/zone_5/trial_024.h5
96,16,0.3870448748555192,0.0020439371501512547,3,2,23,tanh,rmsprop,0.5889370482885644,0.23873873873873874,0.07915057915057915,0.583594064968943,0.2142945586348186,0.8024453024453024,0.7305643983770035,0.35777126099706746,0.10557184750733138,0.7228962063739455,0.19309878565670735,0.6950146627565983,models/zone_5/trial_025.h5
32,16,0.23342261544203527,0.0013168884104100057,2,1,30,tanh,rmsprop,0.5806972553108731,0.24031007751937986,0.04521963824289406,0.5789339225185921,0.2386282690546453,0.7958656330749354,0.7341131763485946,0.3652694610778443,0.0718562874251497,0.730588002670518,0.1972869045075838,0.6856287425149701,models/zone_5/trial_026.h5
96,16,0.31823611568220894,0.008347604248661307,3,3,11,tanh,adam,0.583401747493345,0.25862068965517243,-0.02234993614303959,0.5829734808142568,0.22394229481858352,0.7733077905491699,0.6960023444328982,0.35410764872521244,0.025495750708215296,0.6955352112955283,0.2508749286405719,0.6912181303116147,models/zone_5/trial_027.h5
32,32,0.4120464967485771,0.008842505667495578,2,3,30,relu,adam,0.5895296596764601,0.2596899224806202,0.006459948320413436,0.5894942652019106,0.21529120450459616,0.7732558139534884,0.7621274980954915,0.3592814371257485,0.11976047904191617,0.7526591200622924,0.13485366374706254,0.7125748502994012,models/zone_5/trial_028.h5
64,64,0.4456256113501118,0.008109385672578146,2,1,29,relu,rmsprop,0.5793966274534694,0.2130406714009038,0.14202711426726922,0.5617194590873336,0.24161995130429537,0.8327953518398967,0.7784408450574336,0.3611940298507463,0.21194029850746268,0.749033683569904,0.09536541889483063,0.7194029850746269,models/zone_5/trial_029.h5
32,32,0.23986336977836747,0.008207158445905905,1,1,7,relu,rmsprop,0.5502717348622361,0.227735368956743,0.007633587786259542,0.5502187842356935,0.30733257056529983,0.8021628498727735,0.7295292215902401,0.3641456582633053,0.01680672268907563,0.7293356012334199,0.16986904907600076,0.6862745098039216,models/zone_5/trial_030.h5
64,32,0.35659269544305106,0.004002787059757008,3,2,7,relu,rmsprop,0.5755086368446632,0.23312101910828026,0.07388535031847134,0.5707461310347354,0.24316026016597814,0.8038216560509555,0.7159644139318704,0.3389355742296919,0.1484593837535014,0.700403350500508,0.200452820952148,0.7142857142857143,models/zone_5/trial_031.h5
64,32,0.3424835413224573,0.005119116366098086,2,3,13,tanh,adam,0.5445049338648777,0.21725239616613418,0.05623003194888179,0.5415937652061945,0.3243426818987928,0.8134185303514377,0.7548513560963972,0.35327635327635326,0.13675213675213677,0.7423607094225116,0.12263160525921124,0.717948717948718,models/zone_5/trial_032.h5
64,32,0.12798952445052408,0.0066457344722636105,2,3,17,relu,rmsprop,0.6063934403374636,0.27802690582959644,-0.017937219730941704,0.6061280892951826,0.16384312598335538,0.7565663036515055,0.722228379983109,0.3659942363112392,0.025936599423631124,0.7217625133403397,0.2023292438212808,0.6772334293948127,models/zone_5/trial_033.h5
64,64,0.39925382406355603,0.0017485331586673401,3,2,19,relu,rmsprop,0.5984575809960173,0.27471116816431324,-0.01797175866495507,0.5981876730108147,0.1869145242869542,0.7593068035943518,0.7381920727235454,0.37681159420289856,0.028985507246376812,0.7376227874744341,0.17033360622185834,0.672463768115942,models/zone_5/trial_034.h5
64,32,0.37025089327604,0.005116628228777125,3,1,28,relu,rmsprop,0.5737984611195946,0.2182052937378954,0.12524209167204647,0.55996347421669,0.25620418300998204,0.8231116849580374,0.7420210496308296,0.34226190476190477,0.18154761904761904,0.7194690404134001,0.17616497905953465,0.7232142857142857,models/zone_5/trial_035.h5
32,16,0.36911826822286686,0.00225416025331291,1,1,7,relu,adam,0.5729260639988029,0.24173027989821882,0.044529262086514,0.5711929793223923,0.24912522355398048,0.7932569974554707,0.7409585736349484,0.3585434173669468,0.10644257703081232,0.7332731998635821,0.1436543874678744,0.6974789915966386,models/zone_5/trial_036.h5
64,32,0.4544547636203926,0.005760952285099088,3,3,19,tanh,rmsprop,0.5754944293858734,0.23876765083440307,0.051347881899871634,0.5731991218403678,0.24811450632987164,0.7978177150192555,0.7142443052179218,0.34782608695652173,0.07536231884057971,0.7102573114267834,0.22329103561195252,0.7014492753623188,models/zone_5/trial_037.h5
32,16,0.4216439424692572,0.0069621586463183005,2,1,24,relu,adam,0.5534494613840601,0.22136422136422138,0.043758043758043756,0.5517169019640195,0.30613025957360596,0.8114543114543115,0.7276068751089989,0.3352941176470588,0.1,0.720702271888942,0.20066872159239335,0.7235294117647059,models/zone_5/trial_038.h5
96,64,0.3381809273877679,0.009500895688347128,2,3,30,tanh,rmsprop,0.7143779933009285,0.2596899224806202,0.2596899224806202,0.6655051175420599,-0.15226756215867843,0.8262273901808785,0.9123241361168285,0.40119760479041916,0.40119760479041916,0.8193752566753209,-0.239745780816065,0.7365269461077845,models/zone_5/trial_039.h5
96,32,0.3506993747927125,0.0027532284947062078,1,3,16,relu,rmsprop,0.5996373397474926,0.2712731925783749,-0.005118362124120281,0.5996154947869644,0.1814817092602634,0.7626359564939219,0.727142099031481,0.3735632183908046,0.022988505747126436,0.7267786188292983,0.18966324554853886,0.6695402298850575,models/zone_5/trial_040.h5
32,32,0.2630397478666347,0.005430685293634115,2,1,13,tanh,rmsprop,0.5846819948859123,0.2549520766773163,-0.008306709265175719,0.5846229842599021,0.22095546296520285,0.7782747603833866,0.7220578379655755,0.36182336182336183,0.037037037037037035,0.7211073285267864,0.19720791881217836,0.6837606837606838,models/zone_5/trial_041.h5
96,32,0.2907918930229428,0.009427989157766627,2,2,20,relu,rmsprop,0.610141085138568,0.29653401797175866,-0.07317073170731707,0.6057377219519064,0.15485739083590222,0.7349165596919127,0.7431861014546416,0.3953488372093023,-0.03488372093023256,0.7423669627680172,0.1609217536427242,0.6511627906976745,models/zone_5/trial_042.h5
64,64,0.16601789248140353,0.004679227590830779,1,3,24,relu,rmsprop,0.5777214362284071,0.24115755627009647,0.04565916398713826,0.5759143153471783,0.24352249528048098,0.7942122186495176,0.7356469741582815,0.3588235294117647,0.07058823529411765,0.732252532686844,0.18290580429444658,0.6970588235294117,models/zone_5/trial_043.h5
64,32,0.18466411368459262,0.0032751895907642725,2,2,20,tanh,adam,0.5653676368759543,0.2233632862644416,0.0834403080872914,0.5591764299512264,0.27434307006255054,0.8125802310654685,0.7313574508612273,0.3488372093023256,0.13372093023255813,0.7190288128774618,0.18741896142242764,0.7063953488372093,models/zone_5/trial_044.h5
96,16,0.40169328162381046,0.00949662120983273,1,1,26,relu,adam,0.5713710761250735,0.22730199613650998,0.07920154539600772,0.5658551244260395,0.2608691162582867,0.8113329040566645,0.7418192893071504,0.34911242603550297,0.1301775147928994,0.7303079300065899,0.17287653931165137,0.7100591715976331,models/zone_5/trial_045.h5
32,32,0.37978598849846035,0.007671312002578846,1,3,26,relu,adam,0.5967285788199062,0.25434642627173215,0.050869285254346426,0.5945563998462526,0.19380793154010356,0.7836445589182228,0.7418192893071504,0.35502958579881655,0.10059171597633136,0.7349674582354669,0.17287653931165137,0.7011834319526628,models/zone_5/trial_046.h5
32,64,0.3762457663731922,0.006276151532054434,1,3,16,relu,adam,0.6138724716000513,0.26039667306461933,0.0582213691618682,0.6111052966234815,0.14215787678700198,0.782469609724888,0.7389025723965595,0.3563218390804598,0.13218390804597702,0.7269830988048797,0.16323922094686083,0.6982758620689655,models/zone_5/trial_047.h5
64,16,0.2734093605303394,0.0036282585045657695,2,3,11,tanh,adam,0.5671275826112846,0.23994894703254627,-0.005105296745373325,0.5671046031409559,0.2662371809284547,0.7932354818123803,0.7432415031544803,0.3654390934844193,0.031161473087818695,0.7425879709545048,0.14573456774802063,0.6912181303116147,models/zone_5/trial_048.h5
96,64,0.20735821521969014,0.008518614468593125,1,2,21,relu,rmsprop,0.5832492756846335,0.2503209242618742,0.03080872913992298,0.582435009074345,0.22771451231556583,0.7862644415917843,0.7597759375096443,0.37900874635568516,0.07580174927113703,0.7559851652156243,0.12497745252145209,0.6822157434402333,models/zone_5/trial_049.h5
32,32,0.18484794007189562,0.007980345244712684,2,2,26,tanh,adam,0.5584403908234905,0.23067010309278352,0.02190721649484536,0.5580105231700749,0.29433073174031166,0.8002577319587629,0.7438107540697584,0.34615384615384615,0.09763313609467456,0.7373752156169485,0.1684296389853699,0.7189349112426036,models/zone_5/trial_050.h5
32,64,0.2904372443136659,0.007121305640662499,2,1,9,tanh,adam,0.54263714111882,0.21159974506054813,0.07393244104525175,0.5375770280459318,0.32751278868472766,0.8209050350541747,0.7392420937956906,0.3436619718309859,0.1295774647887324,0.7277970554064926,0.15126195405698528,0.7211267605633803,models/zone_5/trial_051.h5
96,32,0.2893041955038099,0.00531391009214622,2,3,24,tanh,rmsprop,0.7129975514442587,0.25868725868725867,0.25868725868725867,0.664414336508763,-0.15159053558162028,0.8268983268983269,0.9042383860595221,0.3941176470588235,0.3941176470588235,0.8138294287504882,-0.23452275220730345,0.7411764705882353,models/zone_5/trial_052.h5
96,16,0.1766163892042179,0.007388660488554417,2,3,25,tanh,adam,0.5758612911614056,0.23631680618158404,0.049581455247907275,0.5737228476830785,0.2492063015246896,0.7990985189954926,0.7246197253129978,0.336283185840708,0.08849557522123894,0.719195578044628,0.20900296253572082,0.7197640117994101,models/zone_5/trial_053.h5
32,64,0.21685465782111102,0.00944145525180945,3,2,10,relu,rmsprop,0.5777185947576736,0.24441608168474793,0.02616464582003829,0.5771257974115288,0.2385754873523448,0.790044671346522,0.7209535430937524,0.3672316384180791,0.05084745762711865,0.7191582213618178,0.19446952177192955,0.6779661016949152,models/zone_5/trial_054.h5
32,16,0.26028297690077595,0.0007500808808538416,3,3,8,relu,adam,0.5673279986028588,0.24537922243467178,0.0082855321861058,0.5672674924188044,0.2649219876315746,0.7845761631612492,0.7208764952114298,0.351123595505618,0.0702247191011236,0.7174478449166064,0.1911773735984379,0.702247191011236,models/zone_5/trial_055.h5
32,64,0.25215121045861977,0.009085958732461801,2,3,20,tanh,adam,0.5613801075567803,0.22657252888318358,0.0417201540436457,0.5598277001962627,0.28454306706970345,0.806803594351733,0.7293673588707178,0.34593023255813954,0.11337209302325581,0.7205022641946192,0.19183516271904488,0.7093023255813954,models/zone_5/trial_056.h5
96,16,0.16261304617725525,0.004091090550873666,3,3,22,tanh,adam,0.5777214362284071,0.23086816720257236,0.07266881028938907,0.5731328832731012,0.24352249528048098,0.8077170418006431,0.7173701157986271,0.32748538011695905,0.12280701754385964,0.7067802483678486,0.22095671981776777,0.7280701754385965,models/zone_5/trial_057.h5
96,64,0.36447321714134717,0.009337347899870677,2,1,24,relu,adam,0.5706236286829749,0.23938223938223938,0.01287001287001287,0.5704784731960105,0.2623989734122787,0.7947232947232947,0.7592566023652966,0.36470588235294116,0.07058823529411765,0.7559681800666985,0.12961705240060617,0.7029411764705882,models/zone_5/trial_058.h5
32,16,0.41705142649296467,0.005954489932820853,3,2,21,relu,rmsprop,0.5819698841137951,0.2410025706940874,0.055912596401028275,0.5792777637533827,0.2319367274988854,0.7956298200514139,0.7324227936704637,0.36151603498542273,0.09329446064139942,0.7264566692526659,0.18684773365629892,0.6909620991253644,models/zone_5/trial_059.h5
32,64,0.11594431367344522,0.004325966354966118,2,3,15,relu,adam,0.6200943110322301,0.2591170825335892,0.07741522712731926,0.6152429090882411,0.12468061790999696,0.7875879718490083,0.749402818601065,0.36103151862464183,0.1489971346704871,0.7344415826920514,0.1382064655932672,0.6991404011461319,models/zone_5/trial_060.h5
32,32,0.3075855363950416,0.004427871750157826,2,1,25,tanh,rmsprop,0.5747420261749109,0.22730199613650998,0.08435286542176433,0.5685182413491934,0.2521220052080888,0.8113329040566645,0.7407243524899674,0.35398230088495575,0.11209439528023599,0.7321935624672206,0.17345253388564086,0.7050147492625368,models/zone_5/trial_061.h5
64,64,0.14183995383302297,0.0016166402780617669,2,3,22,tanh,rmsprop,0.6015190710210746,0.2422879177377892,0.09318766066838047,0.594256891168467,0.1794694071762286,0.8020565552699229,0.7550996216370998,0.3713450292397661,0.13157894736842105,0.7435471869396787,0.13685545661627674,0.6871345029239766,models/zone_5/trial_062.h5
96,16,0.3630641545932516,0.005430510007628378,2,1,13,tanh,rmsprop,0.5890372282207907,0.26389776357827477,-0.040255591054313096,0.5876600578726615,0.20930619886000967,0.7693290734824281,0.7396002616336389,0.3817663817663818,-0.017094017094017096,0.7394026924404159,0.15772634104884287,0.6695156695156695,models/zone_5/trial_063.h5
64,64,0.15240529158017863,0.0028874111584334056,3,2,10,relu,adam,0.5848545818748561,0.2667517549457562,-0.03063178047223995,0.5840518606811499,0.2196490654318486,0.7651563497128271,0.7150520505727178,0.3418079096045198,0.05367231638418079,0.7130348641421435,0.20760317087347413,0.711864406779661,models/zone_5/trial_064.h5
32,32,0.4788242969437425,0.006480619790949749,1,2,29,tanh,rmsprop,0.5616795091221879,0.22903225806451613,0.06129032258064516,0.5583255030228356,0.286901070283452,0.8051612903225807,0.7431277184778867,0.35522388059701493,0.11044776119402985,0.7348742055735633,0.17557932263814624,0.7044776119402985,models/zone_5/trial_065.h5
32,64,0.3032963566371576,0.008794469288913297,1,2,20,tanh,rmsprop,0.5640502299997728,0.241180243745991,0.011545862732520847,0.5639320482261657,0.27732741685560647,0.7896087235407312,0.7313574508612273,0.37209302325581395,0.01744186046511628,0.7311494391940324,0.18741896142242764,0.6773255813953488,models/zone_5/trial_066.h5
64,16,0.2786189572172778,0.004848570441661686,2,3,24,tanh,rmsprop,0.5672303956509398,0.22265122265122264,0.09137709137709138,0.5598218903560171,0.2711452306445441,0.8146718146718147,0.7255829299503221,0.3323529411764706,0.13823529411764707,0.7122931922288053,0.20510945091688004,0.7264705882352941,models/zone_5/trial_067.h5
96,32,0.382091152410001,0.008115974936623119,2,3,27,relu,rmsprop,0.5960324440864025,0.22501611863313992,0.14119922630560927,0.5790660177339955,0.1965664679238046,0.8226950354609929,0.7703712157713454,0.3560830860534125,0.19584569732937684,0.7450612544795164,0.10999603855803508,0.7181008902077152,models/zone_5/trial_068.h5
64,16,0.38897753102825705,0.00410568641126618,3,1,9,tanh,rmsprop,0.573100233424329,0.23278061224489796,0.056760204081632654,0.570282523652647,0.2502943044203224,0.8029336734693877,0.723839527776586,0.35492957746478876,0.09577464788732394,0.7174753506524737,0.1862614611061817,0.6957746478873239,models/zone_5/trial_069.h5
32,32,0.4409365346263573,0.008594828419840984,2,2,27,tanh,adam,0.5900529432364949,0.2385557704706641,0.07479045776918117,0.5852938264228716,0.21260597582369234,0.8033526756931012,0.7369034578772541,0.34718100890207715,0.1394658753709199,0.723585500019505,0.18564637528060202,0.7151335311572701,models/zone_5/trial_070.h5
32,32,0.4913350912882183,0.007606093233012711,3,1,21,relu,rmsprop,0.5896493664215512,0.2422879177377892,0.06619537275064268,0.5859219640427727,0.21153276959562994,0.7975578406169666,0.7224028579766473,0.35276967930029157,0.10787172011661808,0.7143035637681714,0.20894426263303,0.6967930029154519,models/zone_5/trial_071.h5
32,32,0.2433853369201454,0.004312561010675446,1,3,20,relu,adam,0.6051945334752291,0.28030788967286724,-0.0327132777421424,0.6043097424398068,0.16805232867853082,0.7543296985246953,0.7233642332556182,0.36046511627906974,0.046511627906976744,0.7218673579148259,0.2050837666088966,0.686046511627907,models/zone_5/trial_072.h5
64,64,0.20159093576541692,0.002560713814509949,1,2,16,relu,adam,0.6112613475926484,0.2507997440818938,0.08061420345489444,0.6059222600813684,0.14944006798575415,0.7939859245041587,0.7427813527082074,0.3563218390804598,0.14942528735632185,0.7275961939355614,0.15443121274630145,0.7011494252873564,models/zone_5/trial_073.h5
64,16,0.4997494262000717,0.008534821232015256,1,1,19,tanh,rmsprop,0.5728918992315463,0.2205128205128205,0.09871794871794871,0.5643225095688179,0.2540876133269082,0.8192307692307692,0.7362261782273478,0.34492753623188405,0.1536231884057971,0.7200200702003265,0.17474672533769953,0.7159420289855073,models/zone_5/trial_074.h5
64,32,0.10323918630459611,0.008652023302995688,3,1,26,tanh,rmsprop,0.5851151748943816,0.22243713733075435,0.13217279174725982,0.5699913341564223,0.22572920955996412,0.8233397807865893,0.7398224639104364,0.3343195266272189,0.19822485207100593,0.7127721838904326,0.17732343963793273,0.7337278106508875,models/zone_5/trial_075.h5
64,16,0.3546471512023568,0.0062127027196717385,3,3,28,relu,adam,0.6071448915232475,0.27049709489993545,0.010974822466107165,0.607045692328521,0.16724036960529365,0.7656552614590059,0.7258000511750563,0.3601190476190476,0.0625,0.723104048035768,0.21179027726236566,0.6875,models/zone_5/trial_076.h5
64,32,0.3989923459753486,0.0017646443037386233,1,3,18,tanh,adam,0.5608404053577725,0.23510570147341447,0.02626521460602178,0.5602250429814524,0.28475082727844514,0.7962844330557335,0.7410350517869438,0.35260115606936415,0.09826589595375723,0.7344908179611804,0.16208878748868805,0.708092485549133,models/zone_5/trial_077.h5
32,16,0.4440562387595287,0.0072449249536344264,2,3,18,relu,rmsprop,0.5861652869197762,0.22179487179487178,0.1294871794871795,0.5716841907366327,0.21912297020160698,0.8237179487179487,0.7659668415226202,0.3554913294797688,0.18208092485549132,0.7440105772876536,0.10475802031686143,0.7167630057803468,models/zone_5/trial_078.h5
96,32,0.14333844087969227,0.002345880803093716,1,3,24,tanh,adam,0.5491882346170579,0.2282958199356913,0.023794212218649517,0.5486725366798437,0.316400867604134,0.8006430868167203,0.7416198487095663,0.35,0.08529411764705883,0.7366986585401182,0.1695836163209865,0.711764705882353,models/zone_5/trial_079.h5
32,32,0.4983709499020118,0.001170043602443844,1,3,11,tanh,rmsprop,0.6050383695034791,0.25892857142857145,0.02423469387755102,0.6045528167034622,0.16440569075197098,0.7818877551020408,0.7336508884083239,0.37393767705382436,0.056657223796033995,0.7314598998264014,0.16763880960063549,0.6742209631728046,models/zone_5/trial_080.h5
32,32,0.34626088562046253,0.009391140126479416,2,1,29,tanh,adam,0.5437597160444763,0.210458360232408,0.07617817947062622,0.5383971710227595,0.33204218787955253,0.8224661071659135,0.7411165436982794,0.33432835820895523,0.1373134328358209,0.7282848017816423,0.18003565062388593,0.7343283582089553,models/zone_5/trial_081.h5
32,64,0.24693398339887218,0.009017945162122301,3,2,8,tanh,rmsprop,0.5790037816995971,0.24601657106437222,0.020395156150414276,0.5786444649593003,0.2343543871172441,0.7890376035691523,0.7286280782432794,0.36797752808988765,0.05898876404494382,0.7262363266326908,0.17368931681137711,0.6825842696629213,models/zone_5/trial_082.h5
96,64,0.48843732482599456,0.0005152793215221014,2,1,11,relu,adam,0.5848545818748561,0.24377791959157627,0.0574345883854499,0.5820276196169789,0.2196490654318486,0.793873643905552,0.7413333061596045,0.3626062322946176,0.12464589235127478,0.7307793595480678,0.15011541611854362,0.6912181303116147,models/zone_5/trial_083.h5
32,16,0.2314238213728922,0.0014840662576150227,3,1,15,relu,adam,0.5508694094556419,0.2330345710627401,0.03201024327784891,0.5499385880253364,0.30958171387647615,0.795134443021767,0.7161661698293371,0.34097421203438394,0.10028653295128939,0.7091097193782024,0.21295386398568794,0.7106017191977078,models/zone_5/trial_084.h5
96,16,0.15272129182475902,0.0035888403693731634,1,3,17,relu,adam,0.5543449607125057,0.2176696542893726,0.07042253521126761,0.549853618703894,0.300842241900229,0.8175416133162612,0.7553841322928916,0.3515850144092219,0.15561959654178675,0.7391804437970856,0.1274098910310144,0.7175792507204611,models/zone_5/trial_085.h5
96,64,0.14362160400153823,0.005043348510960355,3,1,30,tanh,rmsprop,0.6117783798382319,0.29411764705882354,-0.0691661279896574,0.607855930937924,0.15540684528243542,0.7375565610859729,0.7522421574686264,0.4041916167664671,-0.05089820359281437,0.750518245177343,0.15715124973296302,0.6437125748502994,models/zone_5/trial_086.h5
64,32,0.37443899842489314,0.00490778585290081,2,1,9,tanh,adam,0.5611151602585875,0.23454429572976418,0.020395156150414276,0.560744380870304,0.2809335879009859,0.7966857871255577,0.723839527776586,0.3436619718309859,0.07887323943661972,0.7195294810309059,0.1862614611061817,0.7098591549295775,models/zone_5/trial_087.h5
96,64,0.38486111857052274,0.003815234944197023,3,3,16,tanh,rmsprop,0.5941202401074358,0.24919923126201154,0.03779628443305574,0.5929167737451628,0.1973476697157297,0.7905188981422165,0.725163477407348,0.35919540229885055,0.07758620689655173,0.7210010051760835,0.1940672496488186,0.6896551724137931,models/zone_5/trial_088.h5
64,32,0.4552364087953972,0.004143997576057365,2,2,20,relu,rmsprop,0.587634670332373,0.26187419768934533,0.0,0.587634670332373,0.21605737287881965,0.7708600770218228,0.7353214769191803,0.37209302325581395,0.05232558139534884,0.7334573661435567,0.17858655882919316,0.6773255813953488,models/zone_5/trial_089.h5
32,16,0.4327087553899418,0.0009413687160197374,1,3,30,tanh,adam,0.5942483086150108,0.24983860555196902,0.06132989025177534,0.5910750348758661,0.20224252569894152,0.788896061975468,0.7581888283278762,0.38323353293413176,0.08982035928143713,0.7528496546188697,0.1437726981414228,0.6706586826347305,models/zone_5/trial_090.h5
64,64,0.12057843198895042,0.0028834177823967994,2,2,10,relu,adam,0.5873887215499474,0.24681122448979592,0.0389030612244898,0.5860990206709488,0.21244508483765911,0.7908163265306123,0.7535228000329462,0.3587570621468927,0.1327683615819209,0.7417338959036076,0.12004551019651,0.7062146892655368,models/zone_5/trial_091.h5
32,32,0.3296400017325851,0.00807414149781192,3,3,26,relu,rmsprop,0.5922342924252494,0.22952933591231464,0.11734364925854288,0.5804928295019017,0.20677342749646044,0.8156028368794326,0.7398224639104364,0.34615384615384615,0.12721893491124261,0.7288021821499698,0.17732343963793273,0.7130177514792899,models/zone_5/trial_092.h5
96,64,0.26031373759980625,0.001427327794971174,3,1,9,relu,rmsprop,0.5791883835795305,0.2423469387755102,0.03316326530612245,0.5782381702272041,0.23428117305842633,0.7927295918367347,0.723839527776586,0.35492957746478876,0.09577464788732394,0.7174753506524737,0.1862614611061817,0.6957746478873239,models/zone_5/trial_093.h5
64,64,0.22975315683137063,0.009414660165460852,3,1,8,relu,adam,0.5645124576572452,0.2294455066921606,0.06373486297004462,0.5609030059577259,0.2721999877540343,0.8049713193116634,0.7228221842973275,0.34269662921348315,0.12921348314606743,0.711179151751245,0.18680535940167264,0.7106741573033708,models/zone_5/trial_094.h5
64,32,0.3647754771233045,0.004861760431861053,2,2,15,relu,adam,0.6054772391594214,0.23224568138195778,0.12092130518234165,0.5932796348208105,0.16546088862300878,0.817658349328215,0.7570111641044646,0.36103151862464183,0.18911174785100288,0.7330093105844804,0.12061884244210941,0.7048710601719198,models/zone_5/trial_095.h5
96,32,0.11816694504177101,0.003958681326915413,3,1,7,relu,rmsprop,0.566585481882703,0.22420382165605096,0.07770700636942675,0.5612314401754027,0.2664476367762557,0.8127388535031848,0.7218091183694929,0.3473389355742297,0.13445378151260504,0.7091759894400721,0.18734549014808488,0.7058823529411765,models/zone_5/trial_096.h5
64,32,0.14799373748221967,0.004978879432847135,2,1,11,tanh,adam,0.559765654311952,0.23165283982131463,0.02871729419272495,0.5590285366254001,0.2851636028489509,0.8008934269304403,0.7278358623294938,0.35410764872521244,0.0764872521246459,0.7238057355087335,0.18078135471220436,0.6968838526912181,models/zone_5/trial_097.h5
64,16,0.25882846969891893,0.007422992860470708,2,1,21,relu,rmsprop,0.603458241894982,0.2703917790622993,-0.017341040462427744,0.6032090334425232,0.17372003302053662,0.7649325626204239,0.7224028579766473,0.36443148688046645,0.03206997084548105,0.7216906582343975,0.20894426263303,0.6793002915451894,models/zone_5/trial_098.h5
96,32,0.21580608223430328,0.004056272747578895,2,1,26,tanh,rmsprop,0.5793926788359167,0.2338917525773196,0.0663659793814433,0.5755792152861339,0.24038494057169912,0.8041237113402062,0.7174906963914472,0.3431952662721893,0.10059171597633136,0.710404255396335,0.22623934322702866,0.7071005917159763,models/zone_5/trial_099.h5
64,64,0.26017992652643485,0.0007956844039537701,2,3,17,relu,rmsprop,0.6063934403374636,0.27802690582959644,-0.008968609865470852,0.6063271134638347,0.16384312598335538,0.755285073670724,0.7341014229215516,0.37752161383285304,0.025936599423631124,0.7336430957528223,0.17588711930706913,0.6685878962536023,models/zone_5/trial_100.h5
96,64,0.42601480230000566,0.002370325800977776,1,2,13,relu,adam,0.5969269964413234,0.2681992337164751,-0.0038314176245210726,0.5969147002038451,0.1875418396036953,0.7669220945083014,0.7337993857053428,0.36182336182336183,0.06552706552706553,0.7308678007307137,0.1708868669699547,0.6866096866096866,models/zone_5/trial_101.h5
96,64,0.2795621027980252,0.009242301041272737,3,3,27,tanh,rmsprop,0.5685295123840212,0.2367741935483871,0.04967741935483871,0.5663549774283407,0.2694017100450091,0.7974193548387096,0.7267667514266379,0.35014836795252224,0.0830860534124629,0.7220018135071199,0.20789647431665115,0.7032640949554896,models/zone_5/trial_102.h5
32,32,0.28469699457858166,0.0003856963832552099,2,2,9,relu,rmsprop,0.6032628511345239,0.26322498406628425,0.033779477374123644,0.6023163740653957,0.16885238601510721,0.7743785850860421,0.7199373994695161,0.36056338028169016,0.056338028169014086,0.7177296745550911,0.1950113378684808,0.6845070422535211,models/zone_5/trial_103.h5
96,64,0.17529578602769003,0.0060540082823599415,3,1,8,tanh,adam,0.5767980449894338,0.24091778202676864,0.036966220522625874,0.5756122681492338,0.24017678721521185,0.794136392606756,0.7130406484150359,0.3342696629213483,0.09269662921348315,0.7069896047500224,0.20866543038549867,0.7162921348314607,models/zone_5/trial_104.h5
32,64,0.35845083645748765,0.0004010298407447314,3,2,21,relu,rmsprop,0.6110591756903522,0.262853470437018,0.04820051413881748,0.6091551745098506,0.15323574701490017,0.7776349614395887,0.7383694904132875,0.35276967930029157,0.13119533527696792,0.7266204568925527,0.17358981627026038,0.7026239067055393,models/zone_5/trial_105.h5
32,64,0.35892214278772283,0.0006684594242543776,1,3,28,tanh,rmsprop,0.6596992457003137,0.2559638942617666,0.172147001934236,0.6368426057532717,0.01575746977961534,0.8104448742746615,0.7791937224739796,0.3630952380952381,0.23214285714285715,0.7438094857020904,0.09155489582781129,0.7172619047619048,models/zone_5/trial_106.h5
64,32,0.4870786030770978,0.006987814828490691,2,1,26,relu,rmsprop,0.5607432475658728,0.2268041237113402,0.05283505154639175,0.5582485530825958,0.28849875431667793,0.8067010309278351,0.7477777728932147,0.34615384615384615,0.10946745562130178,0.7397218894915402,0.15953583833280705,0.7218934911242604,models/zone_5/trial_107.h5
32,64,0.38113234886216807,0.009471615157949618,3,3,9,tanh,rmsprop,0.5819346691714401,0.24553571428571427,0.023596938775510203,0.5814560548004452,0.22700247698483722,0.7908163265306123,0.712068994916312,0.3492957746478873,0.07887323943661972,0.7076872654088813,0.2125110913930791,0.6985915492957746,models/zone_5/trial_108.h5
64,16,0.3030758850898585,0.005402309876552574,3,3,8,tanh,adam,0.5478970748132446,0.22753346080305928,0.033779477374123644,0.5468547809951388,0.3144123884643003,0.8017845761631612,0.6991166175566278,0.3146067415730337,0.0898876404494382,0.6933139671449384,0.2392695297628551,0.7387640449438202,models/zone_5/trial_109.h5
64,16,0.26434344459861336,0.006766865592663444,1,2,26,tanh,rmsprop,0.5902186177526003,0.22343850611719254,0.13586606567933032,0.5743678515886922,0.2113021536404992,0.8248551191242756,0.7438107540697584,0.32840236686390534,0.20414201183431951,0.7152485420286148,0.1684296389853699,0.7396449704142012,models/zone_5/trial_110.h5
32,32,0.371322730026037,0.005708489739705276,2,2,16,tanh,rmsprop,0.5680345519778854,0.23687580025608196,0.02560819462227913,0.5674570226976705,0.26588435399524046,0.795134443021767,0.7330459206892024,0.35919540229885055,0.07183908045977011,0.7295172844818517,0.17645123324769985,0.6954022988505747,models/zone_5/trial_111.h5
96,32,0.4496467780208948,0.0055498620467900675,1,3,23,relu,rmsprop,0.594533798045153,0.2416452442159383,0.08226221079691516,0.5888152220287777,0.19841593951496572,0.7988431876606684,0.7600740818964126,0.3782991202346041,0.12609970674486803,0.749540842069018,0.1265959383207217,0.6803519061583577,models/zone_5/trial_112.h5
64,32,0.47218877085051003,0.004154820089131863,2,3,18,relu,rmsprop,0.596463939202724,0.24294871794871795,0.08012820512820513,0.5910572743077975,0.19144262772741028,0.7980769230769231,0.7621842661006126,0.3786127167630058,0.12427745664739884,0.7519840219450035,0.11357813834329633,0.6820809248554913,models/zone_5/trial_113.h5
32,16,0.2147517589253073,0.008299318215696697,3,1,29,tanh,rmsprop,0.5660507368536026,0.22609819121447028,0.07235142118863049,0.561407791667066,0.27655099894847524,0.8094315245478036,0.739099896303888,0.34328358208955223,0.13432835820895522,0.7267905811836752,0.18449197860962574,0.7194029850746269,models/zone_5/trial_114.h5
64,16,0.43398523971295244,0.005492554411983916,3,3,23,tanh,adam,0.5739968026673402,0.23294723294723294,0.0694980694980695,0.5697739444800639,0.25365271618001317,0.803088803088803,0.7484098489816832,0.3489736070381232,0.16129032258064516,0.7308233260471491,0.1531970772551159,0.718475073313783,models/zone_5/trial_115.h5
32,32,0.3386956171275788,0.00017418916853688534,3,3,14,relu,rmsprop,0.6298198668026611,0.27383237364043506,0.04222648752399232,0.6284027278511035,0.09700829135473898,0.7715930902111324,0.7270291799999699,0.3514285714285714,0.1,0.720119037778775,0.18712965752736788,0.6971428571428572,models/zone_5/trial_116.h5
32,64,0.3176327839712134,0.007866259235094722,3,3,7,tanh,rmsprop,0.5880985228781526,0.2464968152866242,0.040127388535031845,0.5867279312431133,0.20968465628870403,0.7910828025477707,0.7218091183694929,0.3585434173669468,0.08403361344537816,0.7169007986971817,0.18734549014808488,0.6890756302521008,models/zone_5/trial_117.h5
96,64,0.1414655469998758,0.005823214182365819,2,1,8,tanh,rmsprop,0.5682692463135168,0.2337579617834395,0.04904458598726115,0.5661488893313054,0.26208125366182866,0.8019108280254778,0.7090902543146711,0.3398876404494382,0.09831460674157304,0.7022415730112357,0.21740945877902906,0.7078651685393258,models/zone_5/trial_118.h5
96,32,0.4923276743155397,0.004790526404463061,1,1,9,tanh,adam,0.5483036956606797,0.2267515923566879,0.030573248407643312,0.5474506545406297,0.31302238999681087,0.8031847133757962,0.7354216956430747,0.35492957746478876,0.07887323943661972,0.7311799248634421,0.16001183081928438,0.7014084507042253,models/zone_5/trial_119.h5
32,32,0.473348391980159,0.005158682056652443,3,2,15,relu,adam,0.6051422833504461,0.2701664532650448,-0.0038412291933418692,0.6051300918454443,0.16683700493110631,0.7663252240717029,0.7121540028548846,0.3524355300859599,0.07163323782234957,0.7085421674264148,0.22174767556126684,0.6905444126074498,models/zone_5/trial_120.h5
32,32,0.2747805532499746,0.004006217528698175,2,2,17,relu,rmsprop,0.5989527482354798,0.26649583600256244,0.005124919923126201,0.5989308222279227,0.18423719608132239,0.7700192184497118,0.7262076298234774,0.36023054755043227,0.06628242074927954,0.723176439268764,0.19351520231654362,0.6887608069164265,models/zone_5/trial_121.h5
96,32,0.13157080242218716,0.00602850845531397,1,3,16,tanh,adam,0.5460261841065924,0.21113243761996162,0.10492642354446577,0.5358498291239568,0.3212997802763038,0.8227767114523352,0.7408445010342208,0.33620689655172414,0.16379310344827586,0.7225111722149534,0.15883521684658108,0.7327586206896551,models/zone_5/trial_122.h5
64,16,0.3907257582844411,0.009116956236154343,3,2,15,relu,adam,0.5960819577743676,0.26312419974391804,0.007042253521126761,0.5960403568966343,0.19159884219713985,0.7714468629961587,0.704061080965749,0.34097421203438394,0.07163323782234957,0.7004075135017798,0.23933529871242465,0.7020057306590258,models/zone_5/trial_123.h5
32,16,0.4394677239882139,0.006784107831234533,2,1,11,relu,adam,0.5732830696814688,0.24186343331206125,0.019783024888321635,0.5729416287107054,0.2502225162264964,0.791959157626037,0.7278358623294938,0.34844192634560905,0.09915014164305949,0.7210508247724837,0.18078135471220436,0.7082152974504249,models/zone_5/trial_124.h5
96,16,0.3420379315419142,0.006793829948564816,2,2,21,relu,adam,0.5856340535704432,0.224791265253693,0.10276172125883108,0.5765477199202778,0.22181040146907682,0.8195247270391779,0.7636035483212126,0.3498542274052478,0.2099125364431487,0.7341846539207627,0.11613884093075977,0.7230320699708455,models/zone_5/trial_125.h5
96,16,0.29961758410258676,0.0038760039265922424,3,1,15,tanh,rmsprop,0.589602613628399,0.26312419974391804,-0.02112676056338028,0.5892239828669034,0.20907778614963413,0.7701664532650448,0.7300351288796183,0.3667621776504298,0.034383954154727794,0.7292249536973939,0.18217552347116173,0.6819484240687679,models/zone_5/trial_126.h5
64,16,0.14905496876158836,0.008529734640939384,2,1,29,tanh,adam,0.5401862290359,0.2156229825693996,0.056810845706907684,0.537190552644117,0.34079272690296447,0.8147191736604261,0.7411165436982794,0.3402985074626866,0.1253731343283582,0.7304350132160746,0.18003565062388593,0.7253731343283583,models/zone_5/trial_127.h5
64,64,0.12597563132642847,0.005426291898643368,2,1,29,relu,rmsprop,0.5647259771864862,0.2117495158166559,0.131697869593286,0.5491548965945962,0.27953895373908066,0.828921885087153,0.7570563574518141,0.3522388059701492,0.191044776119403,0.7325545862771566,0.14438502673796794,0.7194029850746269,models/zone_5/trial_128.h5
32,16,0.41614922432309964,0.0002725774278145743,3,3,18,tanh,adam,0.6062534923489076,0.25978191148171903,0.04810776138550353,0.6043417413018254,0.1651383263271421,0.7812700449005773,0.7659668415226202,0.3901734104046243,0.0838150289017341,0.761367351048323,0.10475802031686143,0.6676300578034682,models/zone_5/trial_129.h5
96,16,0.15013071290367763,0.003177106427900214,1,2,21,tanh,adam,0.5469016475260906,0.2220795892169448,0.03979460847240052,0.5454519238239798,0.32097162780953525,0.8087291399229781,0.7324227936704637,0.3498542274052478,0.10495626822157435,0.7248636633526664,0.18684773365629892,0.7055393586005831,models/zone_5/trial_130.h5
64,64,0.4642849083787549,0.000563574371677593,1,3,11,tanh,adam,0.6029265362905047,0.26658163265306123,0.003826530612244898,0.6029143934479745,0.17022864761084222,0.7704081632653061,0.7451448135772892,0.37960339943342775,0.05099150141643059,0.7433980494892567,0.14135371937749763,0.6685552407932012,models/zone_5/trial_131.h5
96,32,0.1500681180507611,0.0030352178150276723,3,1,23,relu,adam,0.5734359849441164,0.2425997425997426,0.043114543114543116,0.5718128758613722,0.2551104257187241,0.7908622908622909,0.7184212081070996,0.3460410557184751,0.08211143695014662,0.713713348747273,0.21969992459110155,0.7067448680351907,models/zone_5/trial_132.h5
96,32,0.4370120016453556,0.005640544163968645,1,1,8,tanh,adam,0.5334155463899511,0.21578612348822407,0.049013367281986,0.5311589545118968,0.3494709519160044,0.8115849777211966,0.7305531227559974,0.34269662921348315,0.10112359550561797,0.7235204790471071,0.16931730261461186,0.7162921348314607,models/zone_5/trial_133.h5
32,32,0.4555987525795818,0.0054603190606372035,3,2,22,relu,rmsprop,0.5892935440244861,0.24180064308681673,0.06816720257234726,0.5853376064481074,0.21291357890454665,0.7967845659163987,0.739448190024828,0.35964912280701755,0.13157894736842105,0.7276473090312453,0.17226651480637822,0.6988304093567251,models/zone_5/trial_134.h5
64,16,0.23607702734071095,0.0014452502247147196,3,2,30,tanh,rmsprop,0.5929994533288809,0.26373626373626374,-0.006464124111182934,0.5929642204617634,0.2064616991945507,0.7711700064641241,0.7361495552295543,0.36826347305389223,0.038922155688622756,0.7351198769324778,0.19282738731040372,0.6826347305389222,models/zone_5/trial_135.h5
32,32,0.27983840479826594,0.0014173675737317534,1,2,19,tanh,adam,0.5547001962252291,0.2230769230769231,0.04871794871794872,0.5525566660217058,0.3007071374939764,0.8096153846153846,0.7537346628814318,0.3536231884057971,0.11014492753623188,0.7456433711681636,0.13502865329512892,0.7159420289855073,models/zone_5/trial_136.h5
32,32,0.4983877644381668,0.004673483026196133,2,2,7,relu,rmsprop,0.6086580913643741,0.23042647994907703,0.1400381922342457,0.5923292808051002,0.15300244746110636,0.8224061107574793,0.7484811885651198,0.3473389355742297,0.21288515406162464,0.7175681158022648,0.12617794639579027,0.7198879551820728,models/zone_5/trial_137.h5
64,64,0.4529357905472805,0.006546057768527275,2,2,24,relu,adam,0.6066979216070945,0.2767052767052767,-0.019305019305019305,0.60639070269258,0.16619014385735853,0.7586872586872587,0.7112540705972631,0.35294117647058826,0.029411764705882353,0.7106456930412385,0.236194556188287,0.6882352941176471,models/zone_5/trial_138.h5
32,32,0.12046307495320333,0.005622550483007777,2,3,16,relu,rmsprop,0.5589454127120155,0.23047375160051217,0.03329065300896287,0.5579531403389018,0.28918961259856624,0.8008962868117798,0.7330459206892024,0.35344827586206895,0.08333333333333333,0.7282938125472685,0.17645123324769985,0.7011494252873564,models/zone_5/trial_139.h5
64,32,0.32313273530885145,0.003662407668397591,1,1,26,tanh,adam,0.5576835541371601,0.21442369607211847,0.09851899549259498,0.548912519516712,0.29585756045907785,0.8222794591113973,0.7653749516204769,0.35502958579881655,0.15976331360946747,0.7485148630405213,0.11951373539627397,0.7189349112426036,models/zone_5/trial_140.h5
64,64,0.2827954237131496,0.006066542618814003,3,1,17,tanh,adam,0.5689621680902419,0.23141025641025642,0.05448717948717949,0.5663471514799739,0.2642856342384544,0.8032051282051282,0.7321359537374484,0.3400576368876081,0.1037463976945245,0.7247480525813454,0.18029414005943778,0.7204610951008645,models/zone_5/trial_141.h5
96,32,0.3029259944805186,0.005102043866500816,2,3,25,tanh,rmsprop,0.586936561071529,0.22858982614294912,0.10367031551835158,0.5777083973795069,0.22004926469069697,0.8145524790727624,0.7387304744386188,0.35103244837758113,0.1504424778761062,0.7232494553850726,0.1778963374669008,0.7109144542772862,models/zone_5/trial_142.h5
96,64,0.11065886198553328,0.0047511562387097545,3,3,25,relu,adam,0.5641799084265274,0.23195876288659795,0.059278350515463915,0.5610570792997186,0.27975078818122723,0.8021907216494846,0.7700132167581937,0.35693215339233036,0.12684365781710916,0.7594939370751269,0.1067954801667409,0.7197640117994101,models/zone_5/trial_143.h5
32,16,0.32902810856165043,0.007008203902303101,1,1,21,tanh,rmsprop,0.5704535051522047,0.24069319640564826,0.017329910141206675,0.5701902101535365,0.2612287881962111,0.7933247753530167,0.7539980898739251,0.3935860058309038,0.03206997084548105,0.7533157614861763,0.13823536990749075,0.6618075801749271,models/zone_5/trial_144.h5
96,64,0.4682083799588843,0.008729448912034081,3,3,8,relu,adam,0.5790037816995971,0.2332695984703633,0.07265774378585087,0.5744268721868645,0.2343543871172441,0.804333970681963,0.7401032421147499,0.351123595505618,0.14325842696629212,0.7261059372377474,0.14745723163078583,0.7078651685393258,models/zone_5/trial_145.h5
64,64,0.4087959136594963,0.007212036367659653,3,3,15,tanh,adam,0.5702842025717922,0.23815620998719592,0.03201024327784891,0.5693851210105844,0.2600580393444091,0.795134443021767,0.7397823578342151,0.3524355300859599,0.09455587392550144,0.7337146064165109,0.16019099453221453,0.7077363896848138,models/zone_5/trial_146.h5
64,32,0.23952126968052265,0.009337666743960298,3,2,16,relu,rmsprop,0.6053360839265436,0.27930813581037794,-0.025624599615631006,0.6047934807833678,0.1667565645687793,0.7546444586803331,0.727142099031481,0.3735632183908046,0.022988505747126436,0.7267786188292982,0.18966324554853886,0.6695402298850575,models/zone_5/trial_147.h5
64,64,0.13161177440394015,0.009240856222579906,3,2,30,tanh,adam,0.5869734364739604,0.2553329023917259,0.014867485455720749,0.5867851165480209,0.22250751042407269,0.7795733678086619,0.7320711329594788,0.36826347305389223,0.038922155688622756,0.731035710146314,0.20174642170476398,0.6826347305389222,models/zone_5/trial_148.h5
96,64,0.3347321994283261,0.0024321558037187652,3,3,14,relu,adam,0.6169912341204257,0.2629558541266795,0.05438259756877799,0.6145898763103069,0.13341924734849953,0.780550223928343,0.7171371656006361,0.33714285714285713,0.14857142857142858,0.7015783954042193,0.20909912624284432,0.7114285714285714,models/zone_5/trial_149.h5
64,64,0.4740128394384606,0.008785212218927141,2,3,13,tanh,rmsprop,0.6103474106288498,0.29201277955271565,-0.065814696485623,0.6067885854132782,0.15105987833404344,0.7405750798722045,0.7299065233052331,0.38461538461538464,-0.002849002849002849,0.7299009631082145,0.17966055091736255,0.6552706552706553,models/zone_5/trial_150.h5
32,16,0.2671539928980021,0.00837767284204162,1,2,22,relu,rmsprop,0.5655491644570892,0.24405908798972384,0.014129736673089274,0.5653726275295443,0.27427262159475707,0.7874116891457932,0.7433919416750282,0.3830409356725146,0.02046783625730994,0.7431101174296527,0.16341375025885285,0.6695906432748538,models/zone_5/trial_151.h5
64,32,0.49563978803548936,0.005437571830734179,2,1,23,tanh,rmsprop,0.5793887454274326,0.2405144694533762,0.05016077170418006,0.5772133187219568,0.23914979294106176,0.7954983922829582,0.7245182442264714,0.3548387096774194,0.06744868035190615,0.7213718609259688,0.2063993551239044,0.6950146627565983,models/zone_5/trial_152.h5
96,32,0.35931413548369673,0.007188795752824312,1,3,17,tanh,adam,0.6061993012448179,0.2765685019206146,-0.011523687580025609,0.6060897602288489,0.16392384760569056,0.7580025608194623,0.7360616438287286,0.3861671469740634,0.01729106628242075,0.7358585207379656,0.17148009855470048,0.6570605187319885,models/zone_5/trial_153.h5
32,16,0.49267407697621546,0.00477976644391403,1,1,15,tanh,adam,0.5446789805159152,0.2237851662404092,0.030690537084398978,0.5438136470789676,0.3242777171504232,0.8062659846547314,0.7300351288796183,0.3438395415472779,0.10315186246418338,0.7227108568912265,0.18217552347116173,0.7134670487106017,models/zone_5/trial_154.h5
96,64,0.3291509390218131,0.0026229159766457738,2,3,14,relu,adam,0.5999786867484792,0.270460358056266,0.004475703324808184,0.5999619926563498,0.18010421283553513,0.7640664961636828,0.7348469228349535,0.35714285714285715,0.10571428571428572,0.7272031970473716,0.1695540825549866,0.6942857142857143,models/zone_5/trial_155.h5
32,64,0.4664521543402541,0.0029574256255609057,3,1,14,relu,rmsprop,0.5980347426553951,0.2616762635956494,0.01599488163787588,0.5978208069181726,0.1858510239795147,0.7754318618042226,0.7250615737399726,0.3657142857142857,0.06857142857142857,0.7218117794120287,0.19152355127046317,0.68,models/zone_5/trial_156.h5
64,64,0.3196938035273459,0.0047135724880243215,3,3,13,relu,adam,0.6152370470322156,0.2864450127877238,-0.016624040920716114,0.615012410691351,0.13787157015743656,0.7487212276214834,0.7220578379655755,0.36182336182336183,0.05413105413105413,0.7200259372732222,0.19720791881217836,0.6837606837606838,models/zone_5/trial_157.h5
96,16,0.3290806696911459,0.001507025290010319,2,3,21,relu,adam,0.5867297216070481,0.22350674373795762,0.1233140655105973,0.573624796765562,0.21889583368431687,0.8220937700706487,0.7616921472049601,0.3469387755102041,0.22448979591836735,0.7278593673521226,0.12055814672610599,0.7288629737609329,models/zone_5/trial_158.h5
64,64,0.12309471237300991,0.004629159274331848,2,3,7,tanh,rmsprop,0.5813787690262475,0.2437937619350732,0.036282622533418206,0.5802455035384353,0.22722388247740122,0.7918523233609166,0.7256794362924328,0.3585434173669468,0.0784313725490196,0.721428557833539,0.17860726961204276,0.6918767507002801,models/zone_5/trial_159.h5
32,32,0.11269394840923162,0.00409458068883429,1,3,30,tanh,rmsprop,0.5893393353261647,0.22336991607488701,0.12265978050355068,0.5764333703122212,0.21536833423405943,0.8224661071659135,0.7581888283278762,0.3413173652694611,0.18562874251497005,0.7351137798691496,0.1437726981414228,0.7305389221556886,models/zone_5/trial_160.h5
32,64,0.4441146324508485,0.0011951453411799034,3,2,23,relu,adam,0.6035075510889356,0.26898326898326896,0.009009009009009009,0.6034403052316275,0.17493640108962394,0.767052767052767,0.7245182442264714,0.36070381231671556,0.05571847507331378,0.7223725754432496,0.2063993551239044,0.6862170087976539,models/zone_5/trial_161.h5
64,64,0.2517105872135175,0.0023043440272111086,2,2,11,tanh,adam,0.5511489420743841,0.23101467772814294,0.024250159540523293,0.5506151887770369,0.307001781987985,0.797702616464582,0.7258871684381231,0.33994334277620397,0.09631728045325778,0.7194686669961414,0.18516220308272735,0.71671388101983,models/zone_5/trial_162.h5
32,16,0.1824326487400857,0.0010179581637941454,1,2,26,relu,adam,0.6037018236035729,0.231809401159047,0.1210560206052801,0.5914400491152872,0.17485585759800837,0.8171281390856407,0.7398224639104364,0.34023668639053256,0.1863905325443787,0.7159579928210397,0.17732343963793273,0.7218934911242604,models/zone_5/trial_163.h5
32,16,0.3015583395763738,0.0028997418790256495,3,3,17,tanh,adam,0.552384110133705,0.23205128205128206,0.03717948717948718,0.5511314642272528,0.30653457801485995,0.7974358974358975,0.7419112323297582,0.3371757925072046,0.14121037463976946,0.7283487535179534,0.15825903629759464,0.7319884726224783,models/zone_5/trial_164.h5
96,16,0.35039725505933206,0.004277733817122489,2,1,18,tanh,rmsprop,0.5795665931516721,0.2205128205128205,0.12179487179487179,0.5666246068623446,0.2366052917642576,0.8224358974358974,0.7331931903224825,0.34104046242774566,0.1791907514450867,0.7109591612264415,0.17972902354155773,0.7196531791907514,models/zone_5/trial_165.h5
64,16,0.4017664388952501,0.004740453015918077,1,2,29,relu,rmsprop,0.5967654750888866,0.26193548387096777,0.02838709677419355,0.5960899302913925,0.1950294290316268,0.7748387096774193,0.7411165436982794,0.3761194029850746,0.07164179104477612,0.7376457043318155,0.18003565062388593,0.6746268656716418,models/zone_5/trial_166.h5
32,32,0.18133469322402176,0.006470591456963967,2,2,9,relu,adam,0.5678894316928479,0.2332695984703633,0.02676864244741874,0.5672581832022769,0.26346638760708274,0.8011472275334608,0.7392420937956906,0.3436619718309859,0.11267605633802817,0.7306045302128548,0.15126195405698528,0.7211267605633803,models/zone_5/trial_167.h5
96,64,0.36858020889416476,0.0021779950516607467,1,2,16,relu,adam,0.5740161685355588,0.2309660908509277,0.08125399872040946,0.568236173991226,0.2499343065285332,0.8074216250799744,0.7504787743864564,0.3563218390804598,0.14942528735632185,0.735452564277995,0.1368151963451827,0.7068965517241379,models/zone_5/trial_168.h5
96,64,0.18180525719115748,0.00915211333133963,3,2,16,tanh,rmsprop,0.5687798960470926,0.23766816143497757,0.035233824471492634,0.5676875441300906,0.26435675718047824,0.7962844330557335,0.7131764786188426,0.33045977011494254,0.09482758620689655,0.7068439845887818,0.22049127425049664,0.7241379310344828,models/zone_5/trial_169.h5
64,16,0.4211266487280084,0.007226911596135864,2,1,18,tanh,rmsprop,0.5655720952025435,0.21474358974358973,0.11602564102564103,0.5535429933585864,0.27302679501977967,0.825,0.7371245492832736,0.34104046242774566,0.18497109826589594,0.7135392728941957,0.17090890551512294,0.7225433526011561,models/zone_5/trial_170.h5
32,16,0.20430964396390783,0.009348234920460571,3,3,20,tanh,adam,0.5683811759791577,0.2241490044958253,0.09441233140655106,0.5604850335966427,0.26698620213285706,0.8131021194605009,0.7529013647990546,0.34593023255813954,0.18313953488372092,0.7302878719237047,0.138840747159638,0.7267441860465116,models/zone_5/trial_171.h5
64,64,0.35667778175948295,0.004911049869982016,1,3,18,relu,adam,0.6058649927945285,0.2812299807815503,-0.03651505445227418,0.6047636234862854,0.16529984527606734,0.75208199871877,0.7212705552515175,0.36416184971098264,0.028901734104046242,0.7206912679078409,0.2061893776208623,0.6791907514450867,models/zone_5/trial_172.h5
32,64,0.1194057576785649,7.377440616338117e-05,1,3,14,relu,adam,0.6248322458574451,0.2702875399361022,0.04664536741214057,0.6230887137175934,0.11028745396586714,0.7744408945686901,0.7151423434733616,0.3457142857142857,0.08857142857142856,0.7096362966121362,0.21349301998593972,0.7028571428571428,models/zone_5/trial_173.h5
64,16,0.10264494279686356,0.005520919173503456,1,1,23,tanh,rmsprop,0.5725063284750299,0.23136246786632392,0.07069408740359898,0.5681248473268277,0.2567129620956955,0.8052699228791774,0.732568694045549,0.3489736070381232,0.12023460410557185,0.7226344383373778,0.18866526250097493,0.7038123167155426,models/zone_5/trial_174.h5
64,16,0.14280657147779718,0.0009721757636115706,1,1,13,tanh,rmsprop,0.5893910964913229,0.25287356321839083,0.02937420178799489,0.5886586624628589,0.20792609452403266,0.7841634738186463,0.725992787199382,0.36752136752136755,0.07692307692307693,0.7219060654283308,0.1884342348647704,0.6780626780626781,models/zone_5/trial_175.h5
64,32,0.3260008729791877,0.009902427986080877,1,2,28,relu,adam,0.5762324554224107,0.22243713733075435,0.10638297872340426,0.5663272062333543,0.24905940286889172,0.8181818181818182,0.7637626158259734,0.34523809523809523,0.17857142857142858,0.7425938177976521,0.12718019403064218,0.7291666666666666,models/zone_5/trial_176.h5
96,16,0.1330744490023207,0.008454844647457879,3,2,25,relu,adam,0.588222028352539,0.26353092783505155,-0.012242268041237113,0.5880946195234078,0.217057030877164,0.7686855670103093,0.7246197253129978,0.3421828908554572,0.0943952802359882,0.7184450413092526,0.20900296253572082,0.7138643067846607,models/zone_5/trial_177.h5
32,16,0.37377149738545656,0.002810926407457317,3,3,28,relu,adam,0.6119110388217323,0.2672692059393157,0.030987734021949646,0.6111259115534837,0.15411456107017563,0.7727566171723693,0.7278474460777511,0.35714285714285715,0.08333333333333333,0.7230611732885817,0.2073371149870118,0.6934523809523809,models/zone_5/trial_178.h5
32,32,0.16498010028588234,0.0024123172210998253,2,3,24,tanh,rmsprop,0.5883904708638187,0.2483912483912484,0.02702702702702703,0.5877694156839284,0.21575226817352944,0.7895752895752896,0.7215180076021095,0.3558823529411765,0.05588235294117647,0.7193506779894459,0.21399090956585354,0.6911764705882353,models/zone_5/trial_179.h5
32,16,0.23623709859004238,0.007692366477120769,3,2,17,relu,rmsprop,0.5689621680902419,0.21602564102564104,0.11602564102564103,0.5570062830368593,0.2642856342384544,0.825,0.7419112323297582,0.3371757925072046,0.1930835734870317,0.7163455941837978,0.15825903629759464,0.7319884726224783,models/zone_5/trial_180.h5
96,64,0.36426876300595024,0.0008660842351909901,3,2,14,relu,adam,0.6159534012004608,0.2667946257197697,0.04798464491362764,0.6140814818107846,0.1363321238280003,0.7747920665387076,0.7348469228349535,0.35714285714285715,0.11714285714285715,0.725449895596111,0.1695540825549866,0.6942857142857143,models/zone_5/trial_181.h5
64,32,0.14262036708450446,6.190027147660087e-05,2,2,18,tanh,adam,0.5948496901286525,0.24743589743589745,0.07307692307692308,0.5903438973681047,0.1958132081180729,0.7929487179487179,0.7468624158491927,0.37283236994219654,0.10115606936416185,0.7399803496302354,0.1488586104490357,0.6791907514450867,models/zone_5/trial_182.h5
32,16,0.135847536784155,0.005546655855921744,3,3,17,tanh,adam,0.5615911461059686,0.22179487179487178,0.08205128205128205,0.5555647599500496,0.28322481593132587,0.8134615384615385,0.7457854687628792,0.34293948126801155,0.1585014409221902,0.7287477331995323,0.14944499479285744,0.7262247838616714,models/zone_5/trial_183.h5
96,32,0.16780069809806364,0.002696500445666174,2,2,11,relu,adam,0.5902851030406657,0.25654116145500955,0.02169751116783663,0.589886193160046,0.20509027933915924,0.7798340778557754,0.7336508884083239,0.35127478753541075,0.09631728045325778,0.7273009057800021,0.16763880960063549,0.7025495750708215,models/zone_5/trial_184.h5
32,64,0.35001347510755787,0.005942125916410396,1,2,10,relu,rmsprop,0.5909881970698269,0.25748884639898023,0.015296367112810707,0.5907902083049402,0.20233118657842164,0.7788400254939452,0.7345393267884777,0.3757062146892655,0.07062146892655367,0.7311365335732621,0.16382434053499206,0.672316384180791,models/zone_5/trial_185.h5
64,32,0.2722464883788689,0.008237117048997353,3,3,11,tanh,rmsprop,0.5795581176635185,0.24521072796934865,0.020434227330779056,0.5791977676951758,0.23413442227875214,0.789272030651341,0.7297793527380173,0.3626062322946176,0.06232294617563739,0.7271133020807061,0.17640050634168136,0.6883852691218131,models/zone_5/trial_186.h5
96,16,0.2303544949771622,0.002810198463177533,2,2,10,relu,adam,0.5835762370845783,0.2308673469387755,0.08418367346938775,0.5774723661016131,0.22263525934068384,0.8099489795918368,0.7306834506711821,0.3361581920903955,0.18361581920903955,0.7072365488441184,0.17258010660268852,0.7288135593220338,models/zone_5/trial_187.h5
64,64,0.12766346877505053,0.008479401421089558,2,3,22,relu,rmsprop,0.5891041519116003,0.2300771208226221,0.10282776349614396,0.5800604734455426,0.21299019516014817,0.8136246786632391,0.7589620489937988,0.35964912280701755,0.16666666666666666,0.7404360971988654,0.12800269206875137,0.7076023391812866,models/zone_5/trial_188.h5
64,64,0.3026450572118036,0.009204717922938175,3,2,24,relu,rmsprop,0.6068932211201546,0.26658081133290407,0.02189311010946555,0.606498205744528,0.1661087465478106,0.7714101738570509,0.7255829299503221,0.36176470588235293,0.061764705882352944,0.7229493131213008,0.20510945091688004,0.6852941176470588,models/zone_5/trial_189.h5
32,64,0.3658775548786187,0.0016717215478683142,3,1,25,tanh,rmsprop,0.5860271623837469,0.23775773195876287,0.07152061855670103,0.5816464872865762,0.22288900830079783,0.8021907216494846,0.7184874311987374,0.34513274336283184,0.10324483775811209,0.7110307252621799,0.22233437327950079,0.7050147492625368,models/zone_5/trial_190.h5
64,16,0.3042704962100179,0.005192789690825002,3,3,25,relu,rmsprop,0.5843756029822128,0.23582474226804123,0.08376288659793814,0.5783412696579812,0.22726299136852313,0.803479381443299,0.7427128778195892,0.35103244837758113,0.12684365781710916,0.7318012744937195,0.1690087303043809,0.7079646017699115,models/zone_5/trial_191.h5
64,32,0.468219017868423,0.000867689446207379,3,1,18,tanh,rmsprop,0.5912554998205025,0.2456703014753047,0.04425914047466325,0.5895966371617433,0.20593435924658376,0.7934573444515716,0.7172523036226675,0.35260115606936415,0.06358381502890173,0.7144284187505376,0.2150094956472972,0.6936416184971098,models/zone_5/trial_192.h5
64,32,0.13904921245028357,0.0072227194933642816,2,2,9,tanh,adam,0.5414613279470707,0.2179732313575526,0.043339706819630335,0.5397240401121611,0.3304239887337116,0.8132568514977693,0.712068994916312,0.3380281690140845,0.09577464788732394,0.7055986609562025,0.2125110913930791,0.7211267605633803,models/zone_5/trial_193.h5
32,64,0.1975651786207971,0.0017527877959130982,1,2,24,tanh,rmsprop,0.5821569826185851,0.2360128617363344,0.06752411575562701,0.5782276767874366,0.2318619557086964,0.802572347266881,0.7255829299503221,0.3558823529411765,0.08529411764705883,0.7205522199883253,0.20510945091688004,0.6941176470588235,models/zone_5/trial_194.h5
64,16,0.39495534781845487,0.008832142770448857,2,3,20,tanh,adam,0.5556339981705387,0.22015404364569963,0.05712451861360719,0.5526897224448287,0.29911449136563617,0.8151476251604621,0.7470873676376284,0.3488372093023256,0.13953488372093023,0.7339411087469535,0.15208935104948973,0.7180232558139535,models/zone_5/trial_195.h5
96,16,0.24631721176500593,0.0019787720087239796,1,2,28,tanh,rmsprop,0.587863499904242,0.2256608639587363,0.12379110251450677,0.5746818750038212,0.21843852415092424,0.819471308833011,0.7480132415430957,0.3392857142857143,0.16666666666666666,0.7292091824339788,0.16280549223347307,0.7261904761904762,models/zone_5/trial_196.h5
64,64,0.16901100520413592,0.006739152734524187,2,3,25,relu,adam,0.6158457086773681,0.2646490663232453,0.054732775273663874,0.6134087219849196,0.14132526523891686,0.7778493238892467,0.736731200205972,0.35398230088495575,0.11209439528023599,0.7281536293281043,0.18234014104816088,0.6991150442477876,models/zone_5/trial_197.h5
32,64,0.2534839851350748,0.0018656794559347289,3,3,29,relu,adam,0.6126361052174616,0.2771317829457364,0.0071059431524547806,0.6125948930475464,0.15257284352633893,0.7596899224806202,0.7350500033757477,0.36716417910447763,0.0626865671641791,0.7323721060771343,0.19340463458110524,0.6835820895522388,models/zone_5/trial_198.h5
32,16,0.4260863762615448,0.009638652603255249,3,3,22,tanh,rmsprop,0.5693116507037334,0.23536977491961414,0.054019292604501605,0.5667430384693921,0.26538600697757686,0.7993569131832797,0.7334928056269078,0.3391812865497076,0.13450292397660818,0.7210552401502784,0.18554566162766628,0.7222222222222222,models/zone_5/trial_199.h5
32,32,0.18993736665728275,0.002893816398310718,2,3,30,tanh,adam,0.5812532125998296,0.2396640826873385,0.06266149870801034,0.5778657575400094,0.23716970252026726,0.7965116279069767,0.7601607141764467,0.36227544910179643,0.11077844311377245,0.7520455092070786,0.13931318094424272,0.7065868263473054,models/zone_5/trial_200.h5
64,64,0.1874167740040294,0.0042572953205044575,3,3,14,tanh,adam,0.5712228859321622,0.22776711452335252,0.08701215611004479,0.564556879421152,0.2572164977272853,0.8093410108765196,0.7348469228349535,0.34,0.15714285714285714,0.7178482586514922,0.1695540825549866,0.7228571428571429,models/zone_5/trial_201.h5
96,64,0.37565343484470504,0.008611876475739718,3,3,20,relu,adam,0.6103369885262262,0.22864482980089917,0.14771997430956968,0.5921908887793215,0.15477534241959656,0.8253050738599872,0.768190262285176,0.35755813953488375,0.24709302325581395,0.7273660130416248,0.1035111367867001,0.7180232558139535,models/zone_5/trial_202.h5
64,64,0.2170538791696228,0.0057316284423377896,3,3,10,relu,rmsprop,0.5864890179871468,0.25207402680280794,0.01723037651563497,0.5862358589720158,0.21528142960404184,0.7836630504148053,0.7287478619712606,0.3728813559322034,0.062146892655367235,0.7260931139054866,0.17695798963653675,0.6751412429378532,models/zone_5/trial_203.h5
32,64,0.25708030012088634,0.0014302946144229248,3,2,27,tanh,rmsprop,0.5940565846840279,0.25225806451612903,0.035483870967741936,0.5929958859111892,0.20232082913097804,0.7858064516129032,0.7247223964586602,0.3590504451038576,0.06231454005934718,0.722038399273872,0.21234649412386097,0.6884272997032641,models/zone_5/trial_204.h5
96,32,0.37788144629101783,0.00877440039476023,2,2,17,relu,adam,0.5903342737573194,0.2498398462524023,0.03074951953875721,0.5895328844269141,0.2075447047647132,0.7879564381806534,0.7341014229215516,0.34870317002881845,0.10086455331412104,0.7271390795578172,0.17588711930706913,0.7118155619596542,models/zone_5/trial_205.h5
96,32,0.18713197400608236,0.004302134575845509,1,2,15,tanh,rmsprop,0.5738326301876102,0.25255754475703324,-0.008312020460358057,0.573772426824344,0.2500065179579051,0.7787723785166241,0.7241238159732069,0.36962750716332377,0.014326647564469915,0.723982077146363,0.19536624083453014,0.6762177650429799,models/zone_5/trial_206.h5
96,16,0.11837717026345351,0.006265533426337381,2,1,10,relu,rmsprop,0.542222373238892,0.21875,0.05038265306122449,0.539876550992288,0.32890422201508474,0.8099489795918368,0.7130740328122925,0.3389830508474576,0.1016949152542373,0.7057851801239665,0.21198105390732236,0.7090395480225988,models/zone_5/trial_207.h5
32,64,0.22074620175056892,0.008745489458947838,2,1,27,tanh,rmsprop,0.5965730631944481,0.2192134107027724,0.1521598968407479,0.5768420802287398,0.19510833084199664,0.8317214700193424,0.7931457108844263,0.36795252225519287,0.21364985163204747,0.7638284228751678,0.056595800871517166,0.7151335311572701,models/zone_5/trial_208.h5
32,16,0.2585366267728933,0.0030620373559938647,3,1,20,relu,adam,0.5812307275414877,0.22864482980089917,0.09248554913294797,0.5738253931641438,0.23346867260811688,0.8131021194605009,0.7193343175916997,0.3372093023255814,0.18023255813953487,0.696389320317016,0.21391616920213108,0.7180232558139535,models/zone_5/trial_209.h5
96,16,0.30777770185465436,0.004456218099018756,1,3,17,relu,rmsprop,0.6088338173569947,0.2797695262483995,-0.01856594110115237,0.6085506741336492,0.1566409542921513,0.7541613316261203,0.7262076298234774,0.37175792507204614,0.01440922190201729,0.7260646637442228,0.19351520231654362,0.6714697406340058,models/zone_5/trial_210.h5
64,16,0.25308841995436093,0.008135545558214533,1,3,28,relu,adam,0.564932682866032,0.21727917472598324,0.09864603481624758,0.5562534458187602,0.27822214450505134,0.8220502901353965,0.7578949543998573,0.3482142857142857,0.15773809523809523,0.7412984926569186,0.14053968085670376,0.7232142857142857,models/zone_5/trial_211.h5
64,64,0.37462646795029597,0.008601025620775478,1,1,11,relu,rmsprop,0.5635619227878393,0.2372448979591837,0.011479591836734694,0.563444992690137,0.27504187107052536,0.7959183673469388,0.7375021006356025,0.3626062322946176,0.05099150141643059,0.7357371916827533,0.1588771128595895,0.6940509915014165,models/zone_5/trial_212.h5
32,32,0.3578482272751591,0.0024891886015864636,3,3,30,tanh,adam,0.5707817929853929,0.2559793148028442,-0.015513897866839044,0.5705709194978282,0.2648101036655397,0.7737556561085973,0.738180316481494,0.3592814371257485,0.041916167664670656,0.7369892906474461,0.18836787011322365,0.7005988023952096,models/zone_5/trial_213.h5
96,16,0.4135206398305671,0.007939842536949876,1,2,19,relu,adam,0.5767948575466911,0.22243589743589742,0.1032051282051282,0.5674865718274492,0.243889592415362,0.8185897435897436,0.7632880816914239,0.34492753623188405,0.18840579710144928,0.7396701638370589,0.11296305771592308,0.7304347826086957,models/zone_5/trial_214.h5
32,32,0.444325601574699,0.005688120083841879,2,3,28,relu,rmsprop,0.6096006096009144,0.2709677419354839,0.012903225806451613,0.6094640350255248,0.160030708554741,0.7651612903225806,0.7298890979033015,0.36607142857142855,0.044642857142857144,0.7285225532159028,0.20288395271165793,0.6815476190476191,models/zone_5/trial_215.h5
96,32,0.3514282784242304,0.00501547916541568,2,2,29,tanh,adam,0.5584031461192427,0.21626856036152356,0.08198837959974177,0.5523513186428335,0.2955816086153359,0.8192382182052937,0.7350500033757477,0.3373134328358209,0.15223880597014924,0.7191118504234718,0.19340463458110524,0.7253731343283583,models/zone_5/trial_216.h5
96,16,0.4897253537418249,0.0015622175409535902,2,2,25,relu,rmsprop,0.6105954363276341,0.24404378622021894,0.10109465550547328,0.6021682966516616,0.15590378365591318,0.8029620090148101,0.7506143010285339,0.35693215339233036,0.168141592920354,0.731539632308982,0.15123351597934087,0.7050147492625368,models/zone_5/trial_217.h5
64,16,0.2813487369188571,0.006092235720230162,2,3,30,relu,adam,0.5773502691896257,0.25064599483204136,-0.012919896640826873,0.5772056908972084,0.24737966826091373,0.7822997416020672,0.7699443949127008,0.3712574850299401,0.04790419161676647,0.7684527049096965,0.11701559495834224,0.7035928143712575,models/zone_5/trial_218.h5
64,16,0.24874777235666096,0.007500266077096972,2,3,10,relu,rmsprop,0.5601566836199329,0.22193877551020408,0.05739795918367347,0.5572082056876325,0.2837763063588322,0.8131377551020408,0.7229100013532094,0.3418079096045198,0.11016949152542373,0.7144659216460411,0.19009163873808133,0.711864406779661,models/zone_5/trial_219.h5
64,16,0.2998440023045533,0.005673192421102114,2,1,15,relu,adam,0.543088959013559,0.20409468969929623,0.10428662827895073,0.5329820977900094,0.32858197147505586,0.8310940499040307,0.7570111641044646,0.3553008595988539,0.17191977077363896,0.737230964485307,0.12061884244210941,0.7134670487106017,models/zone_5/trial_220.h5
32,16,0.11839261195589477,0.0036461251983490955,1,1,8,tanh,adam,0.5352025381505354,0.21769573520050922,0.042011457670273714,0.5335511168268643,0.34510498515034005,0.8115849777211966,0.7266979342480956,0.33707865168539325,0.07865168539325842,0.7224290968844274,0.17806133100814225,0.7247191011235955,models/zone_5/trial_221.h5
64,32,0.4303987982210131,0.005719644266548406,1,3,28,relu,adam,0.5779083652785533,0.22437137330754353,0.10186976144422953,0.5688590601917364,0.2446849916234678,0.816247582205029,0.7772815877574012,0.3601190476190476,0.17559523809523808,0.757187545476643,0.09600805810316515,0.7172619047619048,models/zone_5/trial_222.h5
64,16,0.32123655812962704,8.961204383898067e-05,1,2,25,tanh,adam,0.594375178891122,0.2554697554697555,0.021235521235521235,0.5939957120381502,0.19971746324770945,0.7824967824967825,0.7387304744386188,0.3746312684365782,0.05604719764011799,0.7366012662906549,0.1778963374669008,0.6755162241887905,models/zone_5/trial_223.h5
96,16,0.1602265507172879,0.009324651350053106,1,1,24,tanh,adam,0.5468412656108897,0.22315112540192927,0.04051446945337621,0.545338378935346,0.3222311373900263,0.8070739549839229,0.7396342498352898,0.34705882352941175,0.08235294117647059,0.7350352485486642,0.1740243456454732,0.7147058823529412,models/zone_5/trial_224.h5
96,64,0.22300425500854557,0.002059891785329928,1,2,22,relu,adam,0.609283774646533,0.2363519588953115,0.11560693641618497,0.5982154748081927,0.15768991020435663,0.8137443802183687,0.7570332986102252,0.3508771929824561,0.19883040935672514,0.7304559422167195,0.13242907434251405,0.7192982456140351,models/zone_5/trial_225.h5
64,64,0.4582311760559439,0.004589995705156045,3,1,25,relu,adam,0.5584403908234905,0.22938144329896906,0.05798969072164949,0.5554213408513399,0.29433073174031166,0.8041237113402062,0.7184874311987374,0.3392330383480826,0.09734513274336283,0.7118624262606769,0.22233437327950079,0.7168141592920354,models/zone_5/trial_226.h5
96,16,0.27399315137399416,0.00964254056458008,1,2,15,tanh,rmsprop,0.55801529922467,0.23593350383631714,0.01854219948849105,0.557707146275648,0.290782862612621,0.7947570332480819,0.7455695309637007,0.3667621776504298,0.06876790830945559,0.7423913390444254,0.14700027716884612,0.6905444126074498,models/zone_5/trial_227.h5
32,16,0.41197479298754514,0.005851233277683248,1,1,12,tanh,rmsprop,0.5603353904943533,0.2412252712188896,0.012763241863433313,0.560190011958081,0.28370772423968194,0.7887683471601787,0.7404697526202232,0.3721590909090909,0.048295454545454544,0.7388930934957386,0.1539199202939162,0.6789772727272727,models/zone_5/trial_228.h5
32,32,0.22332308728500183,0.002657429189877935,1,1,12,tanh,adam,0.5631754258721857,0.23420548819400128,0.04020421186981493,0.5617385349557611,0.2764283311933372,0.799617102744097,0.7346922670565733,0.3522727272727273,0.09659090909090909,0.728315126544629,0.16707142412354448,0.7045454545454546,models/zone_5/trial_229.h5
32,64,0.19928751578450205,0.0035638701274877944,3,1,28,tanh,rmsprop,0.5969580732785351,0.22595222724338282,0.1433182698515171,0.5794987616718337,0.19495040984609824,0.8231116849580374,0.7420210496308296,0.34226190476190477,0.19940476190476192,0.7147258068832714,0.17616497905953465,0.7232142857142857,models/zone_5/trial_230.h5
64,64,0.3992313788834837,0.0025060277559332956,2,1,11,relu,adam,0.5886612069707111,0.24569240587109126,0.04658583280153159,0.5868149425282234,0.2094579151669661,0.7932354818123803,0.7219740015565053,0.35127478753541075,0.11898016997167139,0.7121026457449972,0.19392389982377334,0.6997167138810199,models/zone_5/trial_231.h5
32,32,0.24889589752639907,0.0063066725105522066,3,1,25,tanh,adam,0.5782795314507037,0.24420103092783504,0.03157216494845361,0.5774170199217485,0.2433009292835161,0.7899484536082474,0.7184874311987374,0.35103244837758113,0.061946902654867256,0.7158119655622062,0.22233437327950079,0.696165191740413,models/zone_5/trial_232.h5
64,16,0.13679145546280733,0.008474281592184812,2,1,8,tanh,adam,0.5671472921167957,0.2197452229299363,0.08471337579617834,0.5607848918405608,0.2649921757381134,0.8191082802547771,0.7266979342480956,0.33707865168539325,0.15730337078651685,0.7094684892083997,0.17806133100814225,0.7219101123595506,models/zone_5/trial_233.h5
96,32,0.29845055648530217,0.003833467091286905,2,1,18,relu,adam,0.560448538317805,0.22948717948717948,0.046153846153846156,0.5585448832347953,0.28613853619176755,0.8032051282051282,0.7487947927292878,0.3583815028901734,0.11560693641618497,0.7398166515231739,0.14444855143581825,0.7052023121387283,models/zone_5/trial_234.h5
32,64,0.3476706195383583,0.0024653899446600023,2,2,20,tanh,adam,0.5538985415685196,0.21951219512195122,0.057766367137355584,0.5508780638031299,0.303485918654416,0.8125802310654685,0.7451392877439323,0.35174418604651164,0.11918604651162791,0.7355455420682413,0.15650555234610697,0.7122093023255814,models/zone_5/trial_235.h5
96,16,0.35230175552990217,0.008023659146883563,1,2,29,tanh,rmsprop,0.5576448170076396,0.22064516129032258,0.07354838709677419,0.5527733501996518,0.29710903042254366,0.8135483870967742,0.7511185688542202,0.35522388059701493,0.14626865671641792,0.736739156377606,0.15775401069518724,0.7104477611940299,models/zone_5/trial_236.h5
64,16,0.11042518710755576,0.005975192364066927,1,2,8,tanh,rmsprop,0.5769826472044439,0.22215149586250796,0.09866327180140039,0.5684844184078318,0.23886646051917293,0.8192234245703374,0.7286280782432794,0.3398876404494382,0.1601123595505618,0.7108184780403827,0.17368931681137711,0.7191011235955056,models/zone_5/trial_237.h5
96,64,0.1223634623409799,0.009963956564579508,1,3,19,tanh,adam,0.5459642140991688,0.22243589743589742,0.04423076923076923,0.544169607870724,0.3225600394472896,0.8070512820512821,0.7322785563281032,0.34492753623188405,0.11304347826086956,0.723500557070038,0.1835729635693819,0.7130434782608696,models/zone_5/trial_238.h5
64,64,0.3254425947132775,0.005635457819731544,1,2,24,tanh,adam,0.5607757603322435,0.24115755627009647,0.010932475884244373,0.5606691844102423,0.28724951867467274,0.7884244372990353,0.7356469741582815,0.3588235294117647,0.052941176470588235,0.733739533092054,0.18290580429444658,0.6941176470588235,models/zone_5/trial_239.h5
64,16,0.23269359742968138,0.006145206328948058,1,2,29,relu,rmsprop,0.6127673873238865,0.28516129032258064,-0.03225806451612903,0.6119177136195807,0.1512810284355196,0.7483870967741936,0.739099896303888,0.39104477611940297,-0.020895522388059702,0.7388044625342678,0.18449197860962574,0.6507462686567164,models/zone_5/trial_240.h5
96,32,0.48422350011030313,0.003742171893032899,3,2,25,relu,rmsprop,0.5914990566523488,0.24420103092783504,0.0663659793814433,0.587764145556158,0.2083090647417133,0.7944587628865979,0.7466740412615168,0.36283185840707965,0.11504424778761062,0.7377580531209321,0.1601211231418609,0.6932153392330384,models/zone_5/trial_241.h5
96,32,0.16968106838221225,0.009687741534368346,3,3,18,relu,adam,0.5691446154792796,0.2354073123797306,0.05452212957023733,0.5665270785374547,0.2642144062743573,0.7979474021808852,0.7272563056474974,0.34971098265895956,0.11271676300578035,0.7184682772687635,0.19295920058121008,0.7052023121387283,models/zone_5/trial_242.h5
96,16,0.17283270240541895,0.0031889869494823495,3,1,27,relu,rmsprop,0.5786524947474255,0.2367741935483871,0.0664516129032258,0.574824227760086,0.24315266968734472,0.8006451612903226,0.7164866472775351,0.34124629080118696,0.11572700296735905,0.7070787625938116,0.23014657335270028,0.7091988130563798,models/zone_5/trial_243.h5
64,32,0.16715496670063368,0.008854349331417422,1,3,28,tanh,rmsprop,0.7136867710845898,0.25918762088974856,0.25918762088974856,0.6649590847553402,-0.15192829462830204,0.8265635074145713,0.909604833090146,0.39880952380952384,0.39880952380952384,0.8175156977696351,-0.23797911254837478,0.7380952380952381,models/zone_5/trial_244.h5
64,32,0.3930337977995074,0.009691327232805795,2,2,19,tanh,rmsprop,0.5617712298515323,0.23348300192431046,0.0359204618345093,0.5606216505902164,0.2831554215583838,0.7985888389993585,0.7342550202638104,0.3536231884057971,0.07536231884057971,0.7303772694173741,0.17915984445354072,0.7014492753623188,models/zone_5/trial_245.h5
32,16,0.28051496766122996,0.007993953711905831,1,2,7,tanh,rmsprop,0.5496934144346042,0.2143765903307888,0.06552162849872774,0.5457744644737863,0.3087877542405828,0.8187022900763359,0.742846369238833,0.35014005602240894,0.12605042016806722,0.732073780343737,0.1392852771998534,0.7142857142857143,models/zone_5/trial_246.h5
96,16,0.23518023369917432,0.00985290824041002,2,3,7,tanh,adam,0.565280189984623,0.2495225970719287,-0.01782304264799491,0.5649991436629079,0.2694282278788237,0.7797581158497772,0.7409585736349484,0.3473389355742297,0.05042016806722689,0.739241107146518,0.1436543874678744,0.7170868347338936,models/zone_5/trial_247.h5
96,64,0.20610590773999063,0.0028224155037182004,1,1,8,tanh,rmsprop,0.5725527724809484,0.24124761298535966,0.041374920432845325,0.5710558582440043,0.25050903856094464,0.7937619350732018,0.7382031022860301,0.3707865168539326,0.06179775280898876,0.7356118935773662,0.15182924582755108,0.6797752808988764,models/zone_5/trial_248.h5
32,32,0.4295589228332646,0.006254658627555915,2,1,10,relu,adam,0.553859372116815,0.22002551020408162,0.04400510204081633,0.5521084631447067,0.2997894377207283,0.8131377551020408,0.7440916048338274,0.3502824858757062,0.13559322033898305,0.7316329646634882,0.14193492536575103,0.7146892655367232,models/zone_5/trial_249.h5
32,32,0.41395062922676606,0.0047147350849664,3,2,9,tanh,adam,0.5802884574739972,0.2385204081632653,0.05357142857142857,0.5778103459772655,0.2313696946289907,0.798469387755102,0.712068994916312,0.3323943661971831,0.14647887323943662,0.6968401489693543,0.2125110913930791,0.7211267605633803,models/zone_5/trial_250.h5
64,32,0.19049691211306677,0.002692934312796767,1,1,29,relu,adam,0.5529976958477343,0.22451612903225807,0.06193548387096774,0.5495183777186823,0.30877527058150567,0.8090322580645162,0.7350500033757477,0.3373134328358209,0.13432835820895522,0.7226717094528974,0.19340463458110524,0.7253731343283583,models/zone_5/trial_251.h5
96,16,0.32144076246316355,0.008409563692638202,3,2,24,tanh,adam,0.586936561071529,0.24533161622665808,0.04056664520283323,0.5855329828621614,0.22004926469069697,0.7920154539600772,0.7215180076021095,0.3558823529411765,0.07352941176470588,0.7177615627070413,0.21399090956585354,0.6911764705882353,models/zone_5/trial_252.h5
96,64,0.4201801346882743,0.006778573506904542,3,1,10,tanh,adam,0.594056931214451,0.25207402680280794,0.023611997447351627,0.5935874923719985,0.19489912907427664,0.786215698787492,0.7170246117012378,0.3559322033898305,0.05649717514124294,0.714795329437994,0.203225287839626,0.6892655367231638,models/zone_5/trial_253.h5
32,32,0.13134740885579566,0.0068344234388290235,1,3,11,tanh,rmsprop,0.5515516146957321,0.2225765306122449,0.046556122448979595,0.549583215842683,0.30561239457959954,0.8099489795918368,0.7219740015565053,0.33994334277620397,0.09631728045325778,0.7155203983183157,0.19392389982377334,0.7138810198300283,models/zone_5/trial_254.h5
96,32,0.46686476431329926,0.00013351433528692094,3,3,25,tanh,adam,0.6022937256511667,0.24420103092783504,0.08440721649484537,0.5963498585246375,0.17914917762354443,0.8009020618556701,0.7564862103374247,0.37168141592920356,0.11209439528023599,0.7481351702583141,0.1379021052355609,0.6873156342182891,models/zone_5/trial_255.h5
64,64,0.45205431385001293,0.008780156691333587,2,2,27,tanh,rmsprop,0.5987306581690907,0.22179239200515796,0.14958091553836234,0.5797447289439532,0.18927578251476473,0.8284977433913604,0.7665096816010418,0.34421364985163205,0.20178041543026706,0.7394739724540137,0.11889607817245473,0.7329376854599406,models/zone_5/trial_256.h5
64,16,0.25831709769241273,0.00879078674041946,3,1,8,tanh,rmsprop,0.5812011474018581,0.25111536010197577,0.010197578075207138,0.5811116787181586,0.22853198701927635,0.7839388145315488,0.7228221842973275,0.3595505617977528,0.03932584269662921,0.7217516111575779,0.18680535940167264,0.6910112359550562,models/zone_5/trial_257.h5
64,32,0.21213866127385664,0.004921275941459577,3,3,10,relu,adam,0.5676899303772185,0.22527121888959795,0.08487555839183153,0.5613091809683554,0.26478130231918573,0.8117421825143587,0.7209535430937524,0.327683615819209,0.15819209039548024,0.7033841580784594,0.19446952177192955,0.731638418079096,models/zone_5/trial_258.h5
64,16,0.46537312216749616,0.004077631904796052,2,3,18,relu,adam,0.5801193511153214,0.24423076923076922,0.03397435897435897,0.5791236521423926,0.23514843163403676,0.791025641025641,0.7564749402723897,0.3583815028901734,0.12716763005780346,0.7457095474282177,0.12680831538294857,0.7109826589595376,models/zone_5/trial_259.h5
32,16,0.434790671043478,0.0025024077106295508,2,1,18,relu,rmsprop,0.5570066518960166,0.21153846153846154,0.09871794871794871,0.5481889973880639,0.2948796969730929,0.8256410256410256,0.7583828246146667,0.3554913294797688,0.17052023121387283,0.7389637064276483,0.12239825636973112,0.7167630057803468,models/zone_5/trial_260.h5
96,16,0.372469744177351,0.00242696156495022,2,3,21,relu,rmsprop,0.5938022870193109,0.24983943481053308,0.046885035324341684,0.5919484348589829,0.1999511430833768,0.7886962106615286,0.7559289460184544,0.37900874635568516,0.09329446064139942,0.7501497950690929,0.13381606411214453,0.6763848396501457,models/zone_5/trial_261.h5
32,32,0.11986041713627396,0.00853967505258961,1,1,27,relu,adam,0.5508896272787308,0.21713917525773196,0.07152061855670103,0.5462272261289854,0.3132846583671215,0.8163659793814433,0.7429190961220402,0.33827893175074186,0.13056379821958458,0.7313561909065001,0.17229631585897254,0.7270029673590505,models/zone_5/trial_262.h5
96,16,0.289638882611738,0.001331817766928984,1,3,7,relu,rmsprop,0.6005722461958789,0.2779898218829516,-0.037531806615776084,0.599398353678853,0.17491085611454826,0.7557251908396947,0.7371684793497201,0.38095238095238093,0.022408963585434174,0.7368277989447773,0.15239260800391652,0.6610644257703081,models/zone_5/trial_263.h5
64,16,0.2866792061988863,0.006775189602309261,3,2,25,relu,adam,0.6038962838513617,0.2770618556701031,-0.027061855670103094,0.6032896299599182,0.17477519455581902,0.7564432989690721,0.699768187490821,0.336283185840708,0.0471976401179941,0.6981746908843668,0.2623286055108408,0.7050147492625368,models/zone_5/trial_264.h5
64,32,0.37376525434286756,0.004822566803974897,2,2,27,tanh,rmsprop,0.5927783754912389,0.22243713733075435,0.1347517730496454,0.577259181053025,0.20531529041465246,0.8252740167633784,0.7508649809283755,0.35014836795252224,0.17210682492581603,0.730874449135092,0.15449623663013334,0.7181008902077152,models/zone_5/trial_265.h5
32,16,0.42217192905341194,0.008025613807083588,3,2,28,tanh,adam,0.5816208069463732,0.24531956100710137,0.03357004519044545,0.5806511992055658,0.23578625862202074,0.790187217559716,0.7092081432669752,0.33035714285714285,0.09226190476190477,0.7031812934129402,0.24741557546519655,0.7202380952380952,models/zone_5/trial_266.h5
64,64,0.1141276019305697,0.007083608904164952,3,1,17,relu,rmsprop,0.5672696640883168,0.22564102564102564,0.07692307692307693,0.5620299921103483,0.26865621462911704,0.8115384615384615,0.7281891004363058,0.3400576368876081,0.12680115273775217,0.7170640373485576,0.18910818156417497,0.7175792507204611,models/zone_5/trial_267.h5
32,64,0.4505979137368442,0.0018195472194619678,1,2,11,tanh,adam,0.591715768777889,0.24681122448979592,0.049107142857142856,0.5896745200030405,0.20079917111991652,0.7927295918367347,0.7239332290434765,0.3597733711048159,0.09348441926345609,0.7178718433455159,0.18954305145325034,0.6883852691218131,models/zone_5/trial_268.h5
64,32,0.41523617472303975,0.003319858198338057,2,3,16,tanh,adam,0.5497060091929993,0.22407170294494239,0.0499359795134443,0.5474331872410793,0.3124948712018919,0.8053777208706786,0.7310832774866962,0.3333333333333333,0.11494252873563218,0.7219909789661836,0.18085523734797948,0.7298850574712644,models/zone_5/trial_269.h5
96,32,0.311935401851999,0.004136941467598669,1,1,13,tanh,rmsprop,0.5650529196840086,0.23627075351213284,0.037037037037037035,0.5638377957630545,0.2719908957022359,0.79757343550447,0.7396002616336389,0.37037037037037035,0.06267806267806268,0.7369396226743897,0.15772634104884287,0.6809116809116809,models/zone_5/trial_270.h5
64,64,0.17214270764273754,0.0008173065546224457,2,3,12,tanh,adam,0.5656176903594066,0.23946360153256704,0.015964240102171137,0.565392354640094,0.27053487749364036,0.7931034482758621,0.7308152359460693,0.3352272727272727,0.10227272727272728,0.7236236579514986,0.17583909334329662,0.7272727272727273,models/zone_5/trial_271.h5
32,16,0.34579189549002476,0.006338540531618916,2,2,22,tanh,adam,0.5880122062982911,0.2570694087403599,0.005141388174807198,0.5879897285526507,0.2159050462891846,0.7782776349614395,0.7354832917984064,0.3713450292397661,0.05555555555555555,0.7333820646576609,0.1811192793539036,0.6783625730994152,models/zone_5/trial_272.h5
96,16,0.10716645025237842,5.1197101403789884e-05,3,1,14,tanh,rmsprop,0.5926614554429487,0.24248240563019835,0.06973768394113884,0.5885441837332862,0.20041540637701882,0.7991042866282789,0.7250615737399726,0.35428571428571426,0.10285714285714286,0.7177288442563465,0.19152355127046317,0.6971428571428572,models/zone_5/trial_273.h5
64,16,0.12611480898810573,0.0004667263338643346,2,2,30,tanh,rmsprop,0.5884328593596386,0.2441860465116279,0.05297157622739018,0.5860437202855654,0.21820833757335234,0.7939276485788114,0.7300233775274096,0.3652694610778443,0.07784431137724551,0.7258611402484151,0.20620593890194405,0.6826347305389222,models/zone_5/trial_274.h5
32,32,0.10764989324932778,0.0022509704196037087,1,1,30,relu,adam,0.551422832398497,0.22272433828276308,0.05874757908327954,0.5482844718230079,0.3130826866621599,0.8095545513234345,0.7402055063404801,0.3502994011976048,0.11077844311377245,0.7318690649003107,0.18390835291604357,0.7125748502994012,models/zone_5/trial_275.h5
32,32,0.45061765503979057,0.002565333847513676,3,3,8,relu,adam,0.5979570061985646,0.2594008922880816,0.023581899298916506,0.5974918202681992,0.18340838626002653,0.7775653282345443,0.7532700248497073,0.38202247191011235,0.11797752808988764,0.7439738121754546,0.11685313225342941,0.6713483146067416,models/zone_5/trial_276.h5
96,16,0.18219796626327045,0.006860542885190325,1,2,20,relu,rmsprop,0.5764236913670456,0.2450288646568313,0.015394483643361129,0.5762180853136817,0.24527339099033096,0.7889672867222579,0.7333421423008626,0.3691860465116279,0.04941860465116279,0.7316751322743931,0.1830027601258104,0.6802325581395349,models/zone_5/trial_277.h5
96,64,0.14709382737489574,0.001148985401315637,1,2,13,relu,rmsprop,0.6001277003313386,0.27330779054916987,-0.006385696040868455,0.6000937256721274,0.1788057303521221,0.7598978288633461,0.725992787199382,0.3732193732193732,0.03133903133903134,0.7253160636441592,0.1884342348647704,0.6695156695156695,models/zone_5/trial_278.h5
96,32,0.4641426509848058,0.006885157115399183,2,2,14,relu,adam,0.5574420938353505,0.22506393861892582,0.0639386189258312,0.5537630729738098,0.29223916063600364,0.8081841432225064,0.7348469228349535,0.3342857142857143,0.16285714285714287,0.7165734791494925,0.1695540825549866,0.7314285714285714,models/zone_5/trial_279.h5
32,64,0.13001928545106534,0.0072385267219833415,2,3,14,tanh,rmsprop,0.5710402407201608,0.24168797953964194,0.011508951406649617,0.5709242511570677,0.25728800807481866,0.7902813299232737,0.7250615737399726,0.3485714285714286,0.05714285714285714,0.7228063223242011,0.19152355127046317,0.7028571428571428,models/zone_5/trial_280.h5
64,32,0.39541607831687053,0.0009590347186024972,1,1,11,relu,rmsprop,0.5753215604852504,0.24298469387755103,0.04272959183673469,0.5737325857406478,0.24447134756145117,0.7927295918367347,0.7239332290434765,0.3597733711048159,0.09915014164305949,0.7171112671862545,0.18954305145325034,0.6883852691218131,models/zone_5/trial_281.h5
96,16,0.24904886130977955,0.0034338000003759977,1,2,19,tanh,rmsprop,0.5672696640883168,0.2141025641025641,0.11666666666666667,0.55514300921813,0.26865621462911704,0.8269230769230769,0.7342550202638104,0.336231884057971,0.17391304347826086,0.7133615409389108,0.17915984445354072,0.7275362318840579,models/zone_5/trial_282.h5
32,16,0.15300463049462398,0.007266847009777109,1,1,20,tanh,rmsprop,0.5606282556667621,0.23604874919820398,0.0,0.5606282556667621,0.2860694239097725,0.7953816549069916,0.7372954978587558,0.3691860465116279,0.02616279069767442,0.7368311608134529,0.17417035753257593,0.6831395348837209,models/zone_5/trial_283.h5
96,16,0.4450303098096374,0.008800702962554837,3,1,22,tanh,adam,0.5710035166942236,0.23086816720257236,0.05466237942122187,0.5683810696646933,0.26101330463815764,0.805144694533762,0.7294955398698875,0.34502923976608185,0.10526315789473684,0.7218610740856486,0.19439842617519165,0.7105263157894737,models/zone_5/trial_284.h5
64,64,0.22569517794954838,0.007048636083041425,3,3,30,relu,rmsprop,0.6064723092823852,0.2786037491919845,-0.01874595992243051,0.6061825227709025,0.16999394640018273,0.7550096961861668,0.7402055063404801,0.38023952095808383,0.014970059880239521,0.7400541121593396,0.18390835291604357,0.6676646706586826,models/zone_5/trial_285.h5
96,64,0.25395064696268577,0.008391939882085576,3,3,8,relu,adam,0.5855711423719923,0.24091778202676864,0.0497131931166348,0.5834570774349971,0.21688718682334096,0.7973231357552581,0.7090902543146711,0.3398876404494382,0.09831460674157304,0.7022415730112358,0.21740945877902906,0.7078651685393258,models/zone_5/trial_286.h5
64,16,0.3027717328748301,0.005509450741609484,2,2,14,relu,rmsprop,0.6015750851890432,0.2647058823529412,0.0025575447570332483,0.6015696485736464,0.17573531876538695,0.7723785166240409,0.7270291799999699,0.3628571428571429,0.054285714285714284,0.7249996481350307,0.18712965752736788,0.6857142857142857,models/zone_5/trial_287.h5
32,32,0.3980955858629137,0.00018751359720086067,2,2,8,relu,adam,0.6057053581500825,0.25477707006369427,0.05859872611464968,0.6028641390806556,0.16165444203000656,0.7872611464968153,0.7606915836219422,0.38202247191011235,0.11235955056179775,0.7523476701570952,0.09936507546636864,0.6769662921348315,models/zone_5/trial_288.h5
96,64,0.28248316928850153,0.003415133462472195,1,1,21,tanh,rmsprop,0.5715775525577725,0.24582798459563543,0.005776636713735558,0.5715483610826041,0.25831450333702455,0.7875481386392811,0.7481756236662596,0.39067055393586003,0.029154518950437316,0.747607368792714,0.1514932872935293,0.6588921282798834,models/zone_5/trial_289.h5
32,16,0.4037279804316468,0.0022252536071236985,2,2,27,tanh,rmsprop,0.5840122235368794,0.22372662798194712,0.1218568665377176,0.5711577551938684,0.22864548372358007,0.8207607994842038,0.7449135133914772,0.34718100890207715,0.1513353115727003,0.7293790276011699,0.1678462960517627,0.7151335311572701,models/zone_5/trial_290.h5
96,64,0.2636843028872058,0.002550350219401785,1,1,10,tanh,adam,0.5628163723285968,0.2237093690248566,0.06819630337794774,0.558669431029392,0.2765667878275101,0.8126195028680688,0.7248611789946813,0.3389830508474576,0.12994350282485875,0.713118794372414,0.1857137557042331,0.7175141242937854,models/zone_5/trial_291.h5
64,16,0.40285973672410946,0.0004745386154726068,3,3,25,relu,rmsprop,0.6092076990801715,0.27319587628865977,0.019329896907216496,0.608900957220559,0.1601952509967346,0.7641752577319587,0.7407243524899674,0.36578171091445427,0.05309734513274336,0.7388188129112142,0.17345253388564086,0.6843657817109144,models/zone_5/trial_292.h5
96,32,0.46974834951261546,0.007813004155847516,1,3,25,relu,adam,0.5949162579097615,0.25353925353925355,0.039897039897039896,0.5935769369953721,0.1982597537089985,0.7837837837837838,0.7387304744386188,0.35693215339233036,0.09734513274336283,0.7322886309341993,0.1778963374669008,0.7020648967551623,models/zone_5/trial_293.h5
96,16,0.2094383519824445,0.009636299441420729,2,2,11,relu,rmsprop,0.5766129122231289,0.2482450542437779,-0.003190810465858328,0.5766040836405937,0.24148724457088266,0.7874920229738354,0.7375021006356025,0.37393767705382436,0.039660056657223795,0.7364349450887514,0.1588771128595895,0.6798866855524079,models/zone_5/trial_294.h5
64,64,0.3947274593577149,0.00554027981318166,1,1,13,tanh,rmsprop,0.5767969865812811,0.24201787994891444,0.037675606641123884,0.575565211243235,0.2414145133217298,0.7943805874840357,0.7279522854655585,0.3646723646723647,0.07407407407407407,0.7241737094541602,0.18404739289106653,0.6837606837606838,models/zone_5/trial_295.h5
32,64,0.3169965913722276,0.006372405574326143,3,1,18,tanh,rmsprop,0.5868999672177578,0.2508017960230917,0.010904425914047467,0.5867986579872949,0.21759036865213843,0.7844772289929441,0.7292406375912212,0.3699421965317919,0.04046242774566474,0.7281172291982779,0.18854914156799263,0.6791907514450867,models/zone_5/trial_296.h5
64,32,0.42332191173067846,0.005232072562229931,1,2,11,relu,adam,0.5567306167185677,0.2193877551020408,0.07397959183673469,0.5517934392356499,0.2925107416471392,0.8163265306122449,0.7336508884083239,0.33994334277620397,0.15864022662889518,0.7162938674576628,0.16763880960063549,0.7223796033994334,models/zone_5/trial_297.h5
32,64,0.41374296037894653,0.002047969024169471,3,1,18,tanh,adam,0.5764236913670456,0.2450288646568313,0.026940346375881975,0.575793790958498,0.24527339099033096,0.7870429762668377,0.7410350517869438,0.3699421965317919,0.08092485549132948,0.7366030924049844,0.16208878748868805,0.684971098265896,models/zone_5/trial_298.h5
32,64,0.35884777772805265,0.003894977754455647,3,3,16,relu,rmsprop,0.6010880589234802,0.2729019859064702,0.0,0.6010880589234802,0.17841031891047465,0.7616912235746316,0.7447131670310558,0.3764367816091954,0.04885057471264368,0.743109226493434,0.1500272086460217,0.6724137931034483,models/zone_5/trial_299.h5
64,16,0.4645945508294954,0.00704924439823895,3,2,25,relu,adam,0.5990757486139124,0.264819587628866,0.014819587628865979,0.5988924213912128,0.18789714375899513,0.770618556701031,0.7184874311987374,0.35103244837758113,0.07374631268436578,0.7146927103000423,0.22233437327950079,0.696165191740413,models/zone_5/trial_300.h5
