fire_lag,climate_lag,n_estimators,max_depth,learning_rate,subsample,colsample_bytree,gamma,reg_alpha,reg_lambda,model_file,train_rmse,train_mae,train_mean_residual,train_std_residual,train_r2,train_exact_match_percentage,val_rmse,val_mae,val_mean_residual,val_std_residual,val_r2,val_exact_match_percentage
20,5,100,3,0.23398014771230502,0.805459287967253,0.9755275188369745,1,0.0,5,models/zone_6/trial_001.json,0.4500712225764966,0.16794872283935547,0.052564102564102565,0.4469911830067043,0.8273105621337891,0.8474358974358974,0.9168747571803151,0.4780219793319702,0.06043956043956044,0.9148805387553139,0.40047478675842285,0.6593406593406593
7,6,300,7,0.07048946112633347,0.8098428583842701,0.8877093708502921,0,0.0,5,models/zone_6/trial_002.json,0.0,0.0,0.0,0.0,1.0,1.0,0.88640525082176,0.4670329689979553,0.08791208791208792,0.8820350052652236,0.4396594166755676,0.6510989010989011
25,3,100,3,0.15694396611192918,0.9156607072420692,0.9032992364789602,0,0.0,1,models/zone_6/trial_003.json,0.47847560793092936,0.1929260492324829,0.04244372990353698,0.4765893793867916,0.8053128719329834,0.8237942122186496,0.8879535832302128,0.48076921701431274,0.03571428571428571,0.8872350467928196,0.43770021200180054,0.6346153846153846
22,7,200,7,0.29865369254272484,0.883025573478611,0.842065492250252,0,1.0,5,models/zone_6/trial_004.json,0.0,0.0,0.0,0.0,1.0,1.0,0.9535935610340174,0.4862637221813202,0.09615384615384616,0.9487334173573112,0.3514939546585083,0.6565934065934066
22,5,300,3,0.2840200844594582,0.8032290920723313,0.8760058265975292,1,0.1,1,models/zone_6/trial_005.json,0.3961226781931731,0.14533762633800507,0.03858520900321544,0.3942389693141977,0.8665627241134644,0.8604501607717042,0.9153753780128233,0.4862637221813202,0.046703296703296704,0.9141831818564219,0.40243399143218994,0.6428571428571429
18,5,200,3,0.13590317662300744,0.9695616314590004,0.8601388875087482,5,0.0,10,models/zone_6/trial_006.json,0.6995634795554978,0.31704181432724,0.05466237942122187,0.6974246137039659,0.5838289260864258,0.7440514469453376,0.8956549636929011,0.48351648449897766,0.07692307692307693,0.8923455846444742,0.42790400981903076,0.6428571428571429
27,6,200,3,0.2858796518268287,0.8549432258749442,0.9294719232579041,1,0.0,1,models/zone_6/trial_007.json,0.4075905616154142,0.14810045063495636,0.04507405022537025,0.40509060816924797,0.8588662147521973,0.8602704443013522,0.9650485481640642,0.5137362480163574,-0.0027472527472527475,0.9650446279426791,0.3358200788497925,0.6483516483516484
14,4,300,3,0.0471050078451662,0.8311516629758781,0.9390140421238731,0,0.0,10,models/zone_6/trial_008.json,0.5274194451153078,0.2124919444322586,0.06052801030264005,0.5239347682294618,0.7636829614639282,0.8126207340631036,0.9258201043711496,0.5,0.06043956043956044,0.9238451800365307,0.388719379901886,0.6346153846153846
13,5,200,7,0.1303141473885082,0.8314965388465512,0.8344839977840148,5,0.0,10,models/zone_6/trial_009.json,0.6132261895410469,0.26915648579597473,0.06825499034127495,0.6094158007253704,0.6805343627929688,0.7701223438506117,0.9002441816748411,0.48076921701431274,0.10164835164835165,0.8944871005479808,0.4220263361930847,0.6428571428571429
28,4,200,3,0.23810146664893905,0.8059960253500275,0.8408153791816009,1,1.0,5,models/zone_6/trial_010.json,0.46942606491993616,0.18685567378997803,0.045103092783505154,0.4672542517341395,0.8128912448883057,0.8286082474226805,0.8956549636929011,0.4780219793319702,0.06593406593406594,0.893224776384536,0.42790400981903076,0.6510989010989011
15,7,200,3,0.23714798068620793,0.8663164094515099,0.9777640901066398,0,1.0,1,models/zone_6/trial_011.json,0.20306922990619494,0.04123711213469505,0.029639175257731958,0.20089458104215582,0.9649854898452759,0.9587628865979382,0.9621975708471926,0.5302197933197021,0.013736263736263736,0.9620995223378627,0.33973854780197144,0.6126373626373627
20,3,300,5,0.23112566548263402,0.9445045434314081,0.833948046204705,0,0.0,5,models/zone_6/trial_012.json,0.0,0.0,0.0,0.0,1.0,1.0,0.9078413047751032,0.4890109896659851,0.005494505494505495,0.9078246717209193,0.41223013401031494,0.6428571428571429
14,3,200,3,0.042599071047692096,0.8951378739840289,0.9966737574563576,5,0.1,1,models/zone_6/trial_013.json,0.6711084739482018,0.3086340129375458,0.047036082474226804,0.6694581427420403,0.6175758838653564,0.7442010309278351,0.9002441816748411,0.48076921701431274,0.0521978021978022,0.8987296311379077,0.4220263361930847,0.6401098901098901
26,3,200,5,0.146151224455753,0.9805765900863135,0.8256397222323365,5,1.0,5,models/zone_6/trial_014.json,0.6330665031515179,0.2744845449924469,0.07087628865979381,0.629086438879509,0.6597027778625488,0.7725515463917526,0.946363763055484,0.5274725556373596,0.04945054945054945,0.9450709173196656,0.3612900972366333,0.6043956043956044
26,3,200,5,0.22712848567229443,0.9703936942983262,0.8392574192968503,0,1.0,1,models/zone_6/trial_015.json,0.0,0.0,0.0,0.0,1.0,1.0,0.934679812211918,0.5054945349693298,0.04395604395604396,0.9336456714547056,0.3769639730453491,0.6263736263736264
11,4,300,3,0.22552371894932435,0.9434536135253885,0.8564599557025998,5,0.0,1,models/zone_6/trial_016.json,0.6867674262422624,0.31572166085243225,0.045103092783505154,0.6852847550890396,0.5995215177536011,0.7403350515463918,0.8833005113321865,0.4780219793319702,0.04395604395604396,0.8822061246780791,0.4435778856277466,0.6373626373626373
14,5,100,7,0.20121711416036903,0.8657251517630524,0.9947913489671785,5,1.0,10,models/zone_6/trial_017.json,0.6212516440018636,0.26868557929992676,0.07152061855670103,0.6171210654066911,0.6722860932350159,0.7757731958762887,0.8925823653973912,0.47252747416496277,0.07142857142857142,0.8897197625583968,0.4318224787712097,0.6565934065934066
23,7,200,3,0.10510376395572775,0.8749541396814612,0.8290441998531947,5,0.0,10,models/zone_6/trial_018.json,0.6758919333073511,0.3086340129375458,0.047036082474226804,0.674253293542341,0.6121048927307129,0.7454896907216495,0.8817440420197687,0.4752747118473053,0.07417582417582418,0.8786185034361415,0.44553709030151367,0.6401098901098901
19,3,100,3,0.014153301875716385,0.9269261301072151,0.9670758184712711,0,0.0,5,models/zone_6/trial_019.json,0.8225244037868917,0.37371134757995605,0.11984536082474227,0.8137465706479903,0.4255431890487671,0.7184278350515464,0.9434563565209846,0.4890109896659851,0.16483516483516483,0.9289452397981564,0.36520856618881226,0.6428571428571429
17,3,300,5,0.1503150094950745,0.8687803539451187,0.9257425842725125,5,0.1,5,models/zone_6/trial_020.json,0.616566816721836,0.2719072103500366,0.07474226804123711,0.6120197975092878,0.6772099733352661,0.770618556701031,0.8910421097434507,0.48076921701431274,0.057692307692307696,0.8891724476102371,0.4337817430496216,0.6401098901098901
13,6,300,5,0.1683050337997099,0.8235638257040985,0.8558610389463015,5,0.1,5,models/zone_6/trial_021.json,0.616566816721836,0.2719072103500366,0.061855670103092786,0.6134562048356468,0.6772099733352661,0.7719072164948454,0.8848542428004992,0.46978020668029785,0.057692307692307696,0.8829714777953868,0.4416186809539795,0.6483516483516484
12,5,200,5,0.23388225904987175,0.8912632013309718,0.8193006823480319,1,1.0,5,models/zone_6/trial_022.json,0.4277729382832951,0.1585051566362381,0.05283505154639175,0.4244975241974205,0.8446230888366699,0.8530927835051546,0.8676100723725737,0.4615384638309479,0.04945054945054945,0.8661996859306125,0.46317023038864136,0.6538461538461539
9,5,200,7,0.017370057029862152,0.9086637573334995,0.8189167040990667,1,0.0,1,models/zone_6/trial_023.json,0.344320636394157,0.11082474142313004,0.07216494845360824,0.33667331531562744,0.8993332982063293,0.8930412371134021,0.88640525082176,0.47252747416496277,0.0989010989010989,0.8808705116817345,0.4396594166755676,0.6483516483516484
24,5,100,5,0.09903881759378162,0.8872328215141573,0.9968623398833701,0,1.0,1,models/zone_6/trial_024.json,0.22128956450416343,0.048969071358442307,0.030927835051546393,0.21911764233847714,0.9584202766418457,0.9510309278350515,0.9063269812674779,0.4752747118473053,0.07417582417582418,0.9032865096614743,0.4141893982887268,0.6593406593406593
19,7,100,3,0.2536037166965497,0.8443714183210006,0.8033438476900415,5,1.0,5,models/zone_6/trial_025.json,0.6834758111849644,0.3150773048400879,0.04188144329896907,0.6821914100638672,0.6033512353897095,0.7384020618556701,0.9123692275101315,0.46978020668029785,0.10714285714285714,0.9060562844442104,0.4063524603843689,0.6703296703296703
23,7,100,7,0.25937859739261004,0.9050090447768497,0.9600519978004042,1,1.0,1,models/zone_6/trial_026.json,0.33770755814014836,0.10760309547185898,0.043170103092783504,0.3349369104048339,0.9031630158424377,0.895618556701031,0.9434563565209846,0.5,0.07692307692307693,0.9403152292431387,0.36520856618881226,0.6373626373626373
29,7,100,5,0.0560374411869052,0.9360793801630073,0.9269814679537902,5,0.0,10,models/zone_6/trial_027.json,0.6099328153383223,0.26499032974243164,0.06511927788523533,0.6064466444105551,0.6842771768569946,0.7749838813668601,0.88640525082176,0.4615384638309479,0.0989010989010989,0.8808705116817345,0.4396594166755676,0.6593406593406593
11,7,300,5,0.25890560693023257,0.8556842759980443,0.9918113529222404,1,0.1,5,models/zone_6/trial_028.json,0.37231739480779474,0.12572534382343292,0.048355899419729204,0.36916385521138545,0.8823563456535339,0.8800773694390716,0.9108623990595104,0.48351648449897766,0.07142857142857142,0.9080574259671043,0.40831172466278076,0.6483516483516484
23,6,200,5,0.10335717193390996,0.9443095295699586,0.8599986419086958,0,0.1,10,models/zone_6/trial_029.json,0.1436379120071633,0.020631849765777588,0.018052869116698903,0.14249892748978782,0.9824902415275574,0.9793681495809156,0.9258201043711496,0.5109890103340149,0.03296703296703297,0.9252329608699681,0.388719379901886,0.6208791208791209
24,5,100,7,0.1878040074725123,0.9918551505607587,0.8118444454001927,1,0.0,1,models/zone_6/trial_030.json,0.3281348317807741,0.10122501850128174,0.05609284332688588,0.3233049060903692,0.9086209535598755,0.9019987105093488,0.9535935610340174,0.5082417726516724,0.06318681318681318,0.9514978118629355,0.3514939546585083,0.6401098901098901
22,4,100,5,0.23803072636007122,0.929216924934103,0.8781999328604585,0,0.0,5,models/zone_6/trial_031.json,0.07181895600358165,0.005157962441444397,0.0051579626047711154,0.07163349793594403,0.9956225752830505,0.9948420373952289,0.872346840616744,0.4532966911792755,0.08516483516483517,0.8681796829230441,0.45729249715805054,0.6703296703296703
9,4,200,3,0.2688651650132071,0.8246942843883917,0.9479309969930794,5,0.0,1,models/zone_6/trial_032.json,0.6363175889484173,0.2914249002933502,0.05931656995486783,0.6335468483098324,0.656370997428894,0.7556415215989684,0.9017687199730022,0.4890109896659851,0.04945054945054945,0.9004118259695681,0.42006707191467285,0.6346153846153846
21,4,300,5,0.23056953262512486,0.8021538073372194,0.8234584026345914,1,1.0,1,models/zone_6/trial_033.json,0.3925482515574315,0.14506769180297852,0.038039974210186976,0.39070077192094893,0.8692240118980408,0.8594455190199871,0.9198662159921907,0.4890109896659851,0.02197802197802198,0.9196036171654501,0.3965563178062439,0.6456043956043956
27,7,200,3,0.20152221595569605,0.8597644430730349,0.8249728985745601,5,1.0,5,models/zone_6/trial_034.json,0.6572513660664834,0.2914249002933502,0.04513217279174726,0.6556999734090865,0.6333894729614258,0.7607994842037396,0.8833005113321865,0.47252747416496277,0.06043956043956044,0.881230298930792,0.4435778856277466,0.6428571428571429
11,3,300,5,0.2638182885118559,0.9898975819169871,0.8081943264327969,1,0.0,10,models/zone_6/trial_035.json,0.48643758989607994,0.1889103800058365,0.06511927788523533,0.48205913967228176,0.7991849780082703,0.8323662153449387,0.8801847864797325,0.4615384638309479,0.054945054945054944,0.8784681642850579,0.44749635457992554,0.6593406593406593
21,6,300,3,0.2641102735387578,0.938287384607652,0.9588911227692725,1,0.0,10,models/zone_6/trial_036.json,0.48709987395564314,0.19600257277488708,0.03352675693101225,0.48594468449522127,0.7986378073692322,0.8214055448098001,0.9017687199730022,0.5164835453033447,0.04395604395604396,0.9006967743844471,0.42006707191467285,0.6016483516483516
10,3,300,7,0.288322986690131,0.9730170136132082,0.8482585189780016,5,0.1,10,models/zone_6/trial_037.json,0.6518337060388709,0.2920696437358856,0.07027724049000644,0.6480341650230568,0.6394084692001343,0.7575757575757576,0.9048100903982182,0.4780219793319702,0.08791208791208792,0.9005291685893668,0.4161486029624939,0.6510989010989011
20,6,100,7,0.04050512821151686,0.953989117265051,0.9684649999798125,5,0.1,5,models/zone_6/trial_038.json,0.563218161638464,0.23468729853630066,0.08252740167633785,0.5571390563997249,0.7307875156402588,0.7988394584139265,0.8925823653973912,0.47252747416496277,0.0989010989010989,0.8870861679337874,0.4318224787712097,0.6483516483516484
27,7,200,5,0.20342376055215233,0.8502498134718636,0.8713322581098875,0,0.0,10,models/zone_6/trial_039.json,0.0,0.0,0.0,0.0,1.0,1.0,0.8910421097434507,0.4972527325153351,0.046703296703296704,0.8898173104818135,0.4337817430496216,0.6263736263736264
22,4,300,5,0.07420255937736098,0.8867534066224523,0.8531508328079662,5,0.1,10,models/zone_6/trial_040.json,0.6363175889484173,0.27852997183799744,0.07092198581560284,0.6323528575111399,0.656370997428894,0.7685364281108962,0.8754904598585553,0.45879119634628296,0.07417582417582418,0.8723425150658161,0.4533740282058716,0.6620879120879121
26,7,200,7,0.1605003678233482,0.9850486184173182,0.87651744491175,5,0.0,10,models/zone_6/trial_041.json,0.589506343312387,0.25080594420433044,0.07027724049000644,0.5853023491884888,0.7050700187683105,0.7852998065764023,0.8612538692791619,0.4670329689979553,0.08241758241758242,0.857301337842583,0.47100716829299927,0.6456043956043956
27,3,300,3,0.04406727545225309,0.9528061348775243,0.8721401655377776,5,1.0,10,models/zone_6/trial_042.json,0.709155395730535,0.326241135597229,0.06060606060606061,0.7065608674296916,0.5731996893882751,0.7362991618310767,0.8910421097434507,0.4972527325153351,0.0521978021978022,0.8895119073974014,0.4337817430496216,0.6153846153846154
20,6,300,7,0.021560827573525086,0.9294176947893744,0.8880490166727201,1,1.0,10,models/zone_6/trial_043.json,0.4187728775948957,0.1405544877052307,0.07221147646679561,0.4124999772469125,0.8511670827865601,0.8736299161831077,0.9108623990595104,0.47252747416496277,0.06593406593406594,0.9084729102288805,0.40831172466278076,0.6593406593406593
8,6,300,7,0.23551292386070807,0.9338136731208583,0.8051281142473811,5,0.0,1,models/zone_6/trial_044.json,0.5410308560317248,0.23210830986499786,0.0670535138620245,0.5368595757733265,0.7515803575515747,0.7936814958091554,0.8739200466955529,0.4615384638309479,0.12637362637362637,0.8647346242018085,0.45533329248428345,0.6648351648351648
27,5,100,5,0.2769942109251151,0.9603790492242196,0.9458114735135781,1,0.1,10,models/zone_6/trial_045.json,0.4390658897730614,0.1605415791273117,0.04964539007092199,0.4362501433788033,0.8363932371139526,0.8529980657640233,0.8801847864797325,0.4780219793319702,0.016483516483516484,0.8800304360700328,0.44749635457992554,0.6401098901098901
18,5,100,5,0.1393420269137311,0.8095598225660807,0.8916409145282275,5,0.1,1,models/zone_6/trial_046.json,0.5683462134865965,0.24822695553302765,0.07156673114119923,0.5638223222944924,0.7258628606796265,0.784655061250806,0.8644378302212702,0.4670329689979553,0.07692307692307693,0.861008471206546,0.4670886993408203,0.6373626373626373
13,7,300,7,0.10334553371969148,0.8802641745706188,0.8697078284337644,0,0.1,1,models/zone_6/trial_047.json,0.0,0.0,0.0,0.0,1.0,1.0,0.9198662159921907,0.4890109896659851,0.09340659340659341,0.9151114983771221,0.3965563178062439,0.6346153846153846
17,5,300,7,0.22455920460444048,0.9672471299259419,0.8455141847081992,1,0.0,10,models/zone_6/trial_048.json,0.3850862551647575,0.12637008726596832,0.05673758865248227,0.3808835398400294,0.8741486072540283,0.8833010960670535,0.9198662159921907,0.47252747416496277,0.09340659340659341,0.9151114983771221,0.3965563178062439,0.6703296703296703
9,6,200,7,0.15418588098472172,0.8372384291240044,0.876539276841505,1,1.0,5,models/zone_6/trial_049.json,0.39825538138197897,0.13668601214885712,0.04642166344294004,0.39554061644779565,0.8653937578201294,0.8729851708575113,0.9063269812674779,0.5027472376823425,0.08516483516483517,0.9023167527425819,0.4141893982887268,0.6291208791208791
18,5,200,5,0.22888354544470485,0.9918616669901359,0.8645519554852357,0,0.0,10,models/zone_6/trial_050.json,0.0,0.0,0.0,0.0,1.0,1.0,0.9213582869905356,0.49175822734832764,0.046703296703296704,0.920173842802621,0.39459705352783203,0.6373626373626373
16,7,300,7,0.17254073430522582,0.9513541155456323,0.9076508718399824,1,1.0,10,models/zone_6/trial_051.json,0.408642928918375,0.14377820491790771,0.05867182462927144,0.4044090210716582,0.8582804203033447,0.8652482269503546,0.9579052107033169,0.49450549483299255,0.11538461538461539,0.9509304959432955,0.3456162214279175,0.6510989010989011
9,4,100,3,0.21638301464476523,0.9829394606902198,0.9326380363175826,1,0.0,10,models/zone_6/trial_052.json,0.5751124583027017,0.25338491797447205,0.04964539007092199,0.5729656946760895,0.7192966938018799,0.7762733720180529,0.8786227977169895,0.4752747118473053,0.07417582417582418,0.875486133006034,0.4494555592536926,0.6428571428571429
17,7,200,5,0.04857936238620364,0.8770480321401746,0.9690018981040641,5,0.1,10,models/zone_6/trial_053.json,0.6046243501556797,0.26370084285736084,0.06254029658284978,0.6013811694062943,0.689749002456665,0.7743391360412637,0.894120001065511,0.4642857015132904,0.09065934065934066,0.8895119073974013,0.4298632740974426,0.6565934065934066
25,3,200,3,0.13833545587643137,0.8081545684425586,0.9095974432751712,5,0.1,1,models/zone_6/trial_054.json,0.643371208559215,0.2978723347187042,0.052869116698903935,0.6411952553882161,0.6487104892730713,0.7491940683430045,0.8596574839236759,0.4642857015132904,0.046703296703296704,0.8583879024590414,0.47296637296676636,0.6428571428571429
22,4,300,3,0.08115200410626398,0.8451665303712427,0.9295790103249629,0,0.0,1,models/zone_6/trial_055.json,0.3662062581081245,0.11992263048887253,0.041263700838168924,0.3638740643645643,0.8861865997314453,0.8871695680206318,0.8739200466955529,0.4780219793319702,0.06593406593406594,0.8714292643041465,0.45533329248428345,0.6318681318681318
16,4,100,7,0.1501492537781589,0.88778997870464,0.911264469550887,5,0.0,5,models/zone_6/trial_056.json,0.5840122126958182,0.25080594420433044,0.07801418439716312,0.5787780786046889,0.710541844367981,0.7852998065764023,0.8971873002166685,0.4642857015132904,0.11263736263736264,0.8900886919196055,0.42594480514526367,0.6620879120879121
12,7,300,5,0.19190398154320187,0.9777208282088379,0.9958262166188714,5,0.1,10,models/zone_6/trial_057.json,0.6109889981938506,0.26370084285736084,0.07543520309477757,0.6063143356827043,0.6831828355789185,0.7775628626692457,0.9017687199730022,0.4615384638309479,0.09340659340659341,0.8969180684404728,0.42006707191467285,0.6648351648351648
18,5,200,5,0.11570921339851113,0.9851011662735375,0.8469411616327684,5,0.1,1,models/zone_6/trial_058.json,0.56092399113362,0.23726628720760345,0.07994842037395229,0.5551972342967387,0.7329761981964111,0.7956157317859446,0.9361483048339583,0.4972527325153351,0.07967032967032966,0.9327519846903825,0.37500470876693726,0.6373626373626373
29,4,200,7,0.08159965336852928,0.9076550849958636,0.8257529349574766,5,1.0,5,models/zone_6/trial_059.json,0.6008804963560623,0.26176661252975464,0.0735009671179884,0.5963681666275444,0.6935793161392212,0.7769181173436492,0.8987170240695438,0.47252747416496277,0.08241758241758242,0.8949299692158871,0.4239855408668518,0.6510989010989011
24,5,100,7,0.07606908327960081,0.8696685578190753,0.9404288972094148,5,0.0,5,models/zone_6/trial_060.json,0.5689131408458478,0.23468729853630066,0.08252740167633785,0.5628955333114128,0.7253156900405884,0.8007736943907157,0.8801847864797325,0.450549453496933,0.09340659340659341,0.8752145354331416,0.44749635457992554,0.6730769230769231
15,7,100,5,0.18945372281210554,0.8994265892968519,0.8872368500600126,0,0.0,10,models/zone_6/trial_061.json,0.1319398470511272,0.01740812323987484,0.017408123791102514,0.1307863946180036,0.9852261543273926,0.9825918762088974,0.9063269812674779,0.4752747118473053,0.0521978021978022,0.9048226129326624,0.4141893982887268,0.6538461538461539
21,7,300,3,0.2697940729618437,0.8953252894693272,0.9412618028340938,0,1.0,5,models/zone_6/trial_062.json,0.08421519077331623,0.007092198356986046,0.0070921985815602835,0.08391602529219314,0.9939810037612915,0.9929078014184397,0.9550329404412609,0.5164835453033447,0.04945054945054945,0.9537518310582428,0.34953469038009644,0.6291208791208791
9,5,300,5,0.2847318268566831,0.9455521002822771,0.9427224376763977,1,0.1,10,models/zone_6/trial_063.json,0.4563471736370713,0.1734364926815033,0.05738233397807866,0.4527250908828248,0.8232609033584595,0.8413926499032882,0.9032906852193757,0.4972527325153351,0.07417582417582418,0.9002399752521008,0.41810786724090576,0.6263736263736264
11,6,100,7,0.14111239977068699,0.9076791401165812,0.934933524287732,1,0.0,10,models/zone_6/trial_064.json,0.3774767781371947,0.12185686826705933,0.05222437137330754,0.37384666909237657,0.8790732622146606,0.8871695680206318,0.9621975708471926,0.4972527325153351,0.07417582417582418,0.9593342081527234,0.33973854780197144,0.6565934065934066
23,6,100,7,0.29425178093897775,0.9173744921601692,0.9725468143921723,5,0.0,10,models/zone_6/trial_065.json,0.6030226981412655,0.26434558629989624,0.061895551257253385,0.5998377316999359,0.6913905143737793,0.7730496453900709,0.8894991869887893,0.47252747416496277,0.06593406593406594,0.887052134971893,0.43574094772338867,0.6483516483516484
18,7,100,3,0.18801663337984928,0.9059543958510629,0.9460760685223448,5,0.0,1,models/zone_6/trial_066.json,0.6458716816950731,0.2920696437358856,0.05867182462927144,0.6432012458442038,0.6459746360778809,0.754996776273372,0.8848542428004992,0.4642857015132904,0.09065934065934066,0.8801976578690985,0.4416186809539795,0.6565934065934066
26,4,100,3,0.19832803397893597,0.898995010150473,0.8239000191268178,0,0.0,5,models/zone_6/trial_067.json,0.4535126836321565,0.1721470057964325,0.048355899419729204,0.4509273398858815,0.8254495859146118,0.8433268858800773,0.894120001065511,0.4972527325153351,0.046703296703296704,0.892899407283706,0.4298632740974426,0.6236263736263736
25,6,200,5,0.21196036605222665,0.8277019006718183,0.8686590674266065,0,0.1,5,models/zone_6/trial_068.json,0.0,0.0,0.0,0.0,1.0,1.0,0.934679812211918,0.5,0.016483516483516484,0.9345344655552897,0.3769639730453491,0.6456043956043956
12,6,200,5,0.036313002284796905,0.8521011135003385,0.8401214588085416,1,1.0,10,models/zone_6/trial_069.json,0.46056619333480925,0.1708575040102005,0.06254029658284978,0.4563002557796142,0.8199778199195862,0.8452611218568665,0.8971873002166685,0.46978020668029785,0.07417582417582418,0.8941157654649045,0.42594480514526367,0.6538461538461539
9,5,200,3,0.16192150939071678,0.8040801523317416,0.9212318853451325,5,0.0,10,models/zone_6/trial_070.json,0.6732428621267154,0.3127014935016632,0.05867182462927144,0.6706814302550308,0.6153325438499451,0.7395228884590587,0.8564557517447444,0.4532966911792755,0.08516483516483517,0.8522109095569183,0.4768848419189453,0.6620879120879121
18,3,100,3,0.28944392931228374,0.9058241933771647,0.8009322052104171,1,0.1,1,models/zone_6/trial_071.json,0.483112628329285,0.19987104833126068,0.03868471953578337,0.48156131524483026,0.8019208908081055,0.816247582205029,0.8925823653973912,0.48351648449897766,0.02197802197802198,0.8923117522778855,0.4318224787712097,0.6318681318681318
25,7,200,3,0.28715639337892795,0.8376964191145924,0.924174479392471,0,1.0,1,models/zone_6/trial_072.json,0.14137575626887744,0.01998710446059704,0.014829142488716958,0.14059588054611485,0.9830374121665955,0.9800128949065119,0.946363763055484,0.5164835453033447,0.027472527472527472,0.9459649337256993,0.3612900972366333,0.6181318681318682
18,3,300,3,0.18391830853006844,0.9147970023407463,0.9782873532782459,5,0.0,10,models/zone_6/trial_073.json,0.6911991692905048,0.323017418384552,0.05351386202450032,0.6891244828317648,0.5945397019386292,0.7330754352030948,0.8739200466955529,0.49450549483299255,0.038461538461538464,0.8730732923388708,0.45533329248428345,0.6181318681318682
11,6,100,7,0.0212445415648444,0.9075179694417619,0.9916062739396803,0,0.1,5,models/zone_6/trial_074.json,0.45775782873874926,0.13862024247646332,0.1038039974210187,0.4458328845411066,0.8221665620803833,0.8845905867182463,0.9302605217408072,0.46978020668029785,0.1565934065934066,0.9169858888751166,0.38284164667129517,0.6675824175824175
10,5,300,3,0.1811308348950875,0.8334770618382553,0.8199443139100836,0,1.0,1,models/zone_6/trial_075.json,0.1933784571778146,0.03739522770047188,0.028368794326241134,0.19128627863248845,0.968263566493988,0.9626047711154094,0.8987170240695438,0.4780219793319702,0.02197802197802198,0.8984482590790865,0.4239855408668518,0.6401098901098901
26,5,200,7,0.16891432584236066,0.8777691688896159,0.8895871161580251,0,1.0,10,models/zone_6/trial_076.json,0.025391835403935446,0.0006447453051805496,0.0006447453255963894,0.025383648852391392,0.9994528293609619,0.9993552546744036,0.9550329404412609,0.5109890103340149,0.027472527472527472,0.9546377178396962,0.34953469038009644,0.6373626373626373
9,5,100,5,0.051000599409944496,0.9920774129295133,0.8981536301796738,1,0.0,5,models/zone_6/trial_077.json,0.46474689788973234,0.1721470057964325,0.06769825918762089,0.45978976693458085,0.8166947364807129,0.8465506125080593,0.8451542648035404,0.4395604431629181,0.06593406593406594,0.8425784315036294,0.49059945344924927,0.6675824175824175
8,6,300,7,0.22883734318113355,0.91822664305386,0.9695548318622169,0,1.0,10,models/zone_6/trial_078.json,0.025391835403935446,0.0006447453051805496,0.0006447453255963894,0.025383648852391392,0.9994528293609619,0.9993552546744036,0.9093531065202913,0.48076921701431274,0.06318681318681318,0.9071551706088499,0.41027092933654785,0.6510989010989011
17,7,300,7,0.21363971325947675,0.9043345636042728,0.9513846941983418,5,0.0,5,models/zone_6/trial_079.json,0.5779083722442306,0.25016120076179504,0.0670535138620245,0.5740051436508954,0.7165608406066895,0.7827208252740168,0.9108623990595104,0.4670329689979553,0.11538461538461539,0.9035246096276923,0.40831172466278076,0.6648351648351648
17,4,200,3,0.09495815443867228,0.925267854968189,0.8808476171421094,1,0.0,5,models/zone_6/trial_080.json,0.5122610232804073,0.20954222977161407,0.04577691811734365,0.5102115456214299,0.7772977948188782,0.8123791102514507,0.872346840616744,0.46978020668029785,0.06868131868131869,0.8696389408560349,0.45729249715805054,0.6456043956043956
7,6,100,5,0.1727633678197138,0.9219326472115645,0.8611795164609173,1,1.0,10,models/zone_6/trial_081.json,0.4777445438828009,0.1895551234483719,0.04642166344294004,0.47548383192734556,0.8062983155250549,0.8252740167633784,0.9138735388388136,0.47252747416496277,0.10989010989010989,0.9072425248593535,0.4043932557106018,0.6510989010989011
8,7,100,3,0.2845661580254463,0.861423966127772,0.9174939718065431,5,1.0,1,models/zone_6/trial_082.json,0.6577416678596498,0.2985170781612396,0.06640876853642812,0.6543806147317113,0.6328423023223877,0.7530625402965828,0.9302605217408072,0.49175822734832764,0.07417582417582418,0.9272985293272348,0.38284164667129517,0.6428571428571429
27,5,300,3,0.16494471824250592,0.8094415097933534,0.8605891844405255,0,0.1,10,models/zone_6/trial_083.json,0.23547419443651837,0.05286911502480507,0.030947775628626693,0.23343164563728216,0.9529425501823425,0.9484203739522888,0.9063269812674779,0.4972527325153351,0.03571428571428571,0.9056230237932834,0.4141893982887268,0.6346153846153846
8,6,300,7,0.16195548717881764,0.835658023519435,0.8741647849695882,5,0.0,1,models/zone_6/trial_084.json,0.5522359481135903,0.24564796686172485,0.06382978723404255,0.5485346819197023,0.7411839365959167,0.7788523533204385,0.8532420402980447,0.44780218601226807,0.07967032967032966,0.8495143416047777,0.48080331087112427,0.6675824175824175
10,6,100,3,0.21659906791813707,0.8145926963002005,0.8407216466892886,0,1.0,10,models/zone_6/trial_085.json,0.4591641500124818,0.1798839420080185,0.03417150225660864,0.4578908493337096,0.8210721611976624,0.8336557059961315,0.9478141533610497,0.5137362480163574,0.06318681318681318,0.9457055963622839,0.3593308925628662,0.6208791208791209
26,3,100,5,0.06974865333060176,0.9378779040520355,0.984862447217765,0,0.0,10,models/zone_6/trial_086.json,0.408642928918375,0.13217279314994812,0.06254029658284978,0.40382886305066656,0.8582804203033447,0.8833010960670535,0.88640525082176,0.4780219793319702,0.04395604395604396,0.8853147191332695,0.4396594166755676,0.6318681318681318
17,4,200,3,0.11781729546263268,0.9675574621587377,0.808951357239379,0,1.0,1,models/zone_6/trial_087.json,0.3909023444745832,0.13862024247646332,0.039329464861379754,0.3889188030425654,0.8703183531761169,0.8684719535783365,0.9123692275101315,0.48076921701431274,0.07417582417582418,0.9093489591600242,0.4063524603843689,0.6456043956043956
26,5,200,7,0.17545652259849012,0.9727486757965205,0.9252380822744061,0,1.0,10,models/zone_6/trial_088.json,0.0,0.0,0.0,0.0,1.0,1.0,0.9847741907058175,0.5192307829856873,0.057692307692307696,0.9830828131003796,0.3083907961845398,0.6318681318681318
15,6,300,3,0.130607337123386,0.8827279707448658,0.8556173366943512,0,0.1,5,models/zone_6/trial_089.json,0.2638796941022544,0.06705351173877716,0.036105738233397806,0.2613979166539615,0.9409045577049255,0.9342359767891683,0.9273025953485459,0.4862637221813202,0.057692307692307696,0.925506189889212,0.3867601156234741,0.6510989010989011
26,3,300,7,0.12468585738630449,0.9392003532754282,0.8898256408108596,5,1.0,1,models/zone_6/trial_090.json,0.5614984125283035,0.24693745374679565,0.07672469374597034,0.5562317732620292,0.732429027557373,0.7833655705996132,0.9183717208415386,0.4862637221813202,0.11263736263736264,0.911438104286129,0.398515522480011,0.6483516483516484
9,3,100,3,0.2716429708111667,0.8977073610819881,0.8366717123045619,1,0.0,10,models/zone_6/trial_091.json,0.5314117634147105,0.22695034742355347,0.039974210186976146,0.5299061380387531,0.7603352069854736,0.7975499677627337,0.8956549636929011,0.48351648449897766,0.054945054945054944,0.893968032501659,0.42790400981903076,0.6346153846153846
15,6,200,7,0.09306729810360369,0.971101618662638,0.8522998379297436,0,0.1,1,models/zone_6/trial_092.json,0.0,0.0,0.0,0.0,1.0,1.0,0.928782720027936,0.48351648449897766,0.07142857142857142,0.9260320306668858,0.38480091094970703,0.6593406593406593
9,7,200,3,0.04686335869346119,0.9991116926605927,0.8937913976294097,0,0.0,1,models/zone_6/trial_093.json,0.5422212408818856,0.23597678542137146,0.04642166344294004,0.540230411616325,0.7504860162734985,0.7898130238555771,0.8817440420197687,0.46978020668029785,0.07417582417582418,0.8786185034361415,0.44553709030151367,0.6538461538461539
8,6,100,3,0.23113700919709254,0.9612818227222567,0.8483503690897654,5,0.1,5,models/zone_6/trial_094.json,0.7096098355690027,0.3281753659248352,0.050934880722114766,0.7077794410807678,0.5726525187492371,0.7330754352030948,0.8925823653973912,0.47252747416496277,0.06593406593406594,0.8901438061643179,0.4318224787712097,0.6565934065934066
30,4,200,7,0.2330467037253458,0.9325753523910278,0.9007238578301522,0,0.0,10,models/zone_6/trial_095.json,0.0,0.0,0.0,0.0,1.0,1.0,0.9390783375247129,0.4862637221813202,0.0521978021978022,0.9376265361613071,0.3710862994194031,0.6593406593406593
17,3,300,3,0.2850909304938171,0.8682694984368795,0.9900828797382148,0,0.1,5,models/zone_6/trial_096.json,0.11913668125691952,0.014193548820912838,0.014193548387096775,0.11828817173022803,0.9879603385925293,0.9858064516129033,0.9405399309388843,0.5219780206680298,-0.016483516483516484,0.940395490365475,0.3691270351409912,0.6126373626373627
13,3,200,5,0.05439828004373739,0.8583611197853008,0.8127298760790164,0,1.0,1,models/zone_6/trial_097.json,0.2565276758161295,0.06580644845962524,0.04258064516129032,0.2529690500250011,0.9441796541213989,0.9341935483870968,0.9032906852193757,0.4752747118473053,0.046703296703296704,0.9020825172960121,0.41810786724090576,0.6428571428571429
17,6,100,5,0.030121035908106455,0.8491552242661418,0.9057113204714753,5,0.0,1,models/zone_6/trial_098.json,0.5707945680565663,0.25096774101257324,0.08064516129032258,0.5650688538340801,0.7236346006393433,0.78,0.872346840616744,0.4532966911792755,0.08516483516483517,0.8681796829230441,0.45729249715805054,0.6593406593406593
24,5,100,3,0.20858122027581996,0.8819848336548318,0.9068547532222596,5,1.0,1,models/zone_6/trial_099.json,0.6676873847027917,0.31161290407180786,0.045806451612903226,0.6661142699293703,0.6218445301055908,0.7412903225806452,0.8971873002166685,0.49175822734832764,0.0521978021978022,0.8956675970418791,0.42594480514526367,0.6291208791208791
30,5,200,3,0.051611078243260736,0.8207585195963333,0.8467323929159367,1,0.0,10,models/zone_6/trial_100.json,0.5588005590072872,0.23999999463558197,0.04774193548387097,0.5567573727508087,0.7351269721984863,0.7870967741935484,0.894120001065511,0.46978020668029785,0.04120879120879121,0.893169852255247,0.4298632740974426,0.6565934065934066
8,6,300,3,0.2585308736198413,0.9524352500264147,0.8070390441471916,5,0.0,1,models/zone_6/trial_101.json,0.6623516258496815,0.2967741787433624,0.06322580645161291,0.6593270621003645,0.6278643608093262,0.7535483870967742,0.9078413047751032,0.5,0.07692307692307693,0.9045765110882056,0.41223013401031494,0.6236263736263736
27,6,300,7,0.12195587718424086,0.9371219972015159,0.8773534274841416,5,0.0,10,models/zone_6/trial_102.json,0.6005374051465601,0.25354838371276855,0.07290322580645162,0.5960958655764491,0.6940826177597046,0.787741935483871,0.9063269812674779,0.49175822734832764,0.08516483516483517,0.9023167527425819,0.4141893982887268,0.6373626373626373
22,7,200,5,0.2942380203046908,0.927339514277852,0.8958258165708579,0,0.1,10,models/zone_6/trial_103.json,0.0,0.0,0.0,0.0,1.0,1.0,0.9419992882043534,0.5082417726516724,0.06868131868131869,0.9394921574057086,0.3671678304672241,0.6291208791208791
18,4,100,5,0.19475703211116624,0.8348706319377418,0.9934740012712058,1,0.0,5,models/zone_6/trial_104.json,0.3910284247956716,0.13354839384555817,0.04967741935483871,0.3878600002741906,0.8702998161315918,0.8761290322580645,0.9317359475687419,0.4890109896659851,0.04945054945054945,0.9304227594437418,0.3808824419975281,0.6510989010989011
30,3,200,5,0.05175529451922265,0.8919864139115385,0.9421371651884989,5,0.0,5,models/zone_6/trial_105.json,0.6032171900363978,0.26064515113830566,0.08,0.5978887586683124,0.6913463473320007,0.7793548387096774,0.9017687199730022,0.4780219793319702,0.07142857142857142,0.8989353549452188,0.42006707191467285,0.6456043956043956
11,5,100,5,0.132130789952355,0.8835451252171123,0.946689858216512,1,0.1,5,models/zone_6/trial_106.json,0.42653896560303123,0.1548387110233307,0.0567741935483871,0.4227436277673479,0.8456732034683228,0.8580645161290322,0.8848542428004992,0.44780218601226807,0.06868131868131869,0.8821847365666832,0.4416186809539795,0.6758241758241759
18,5,200,7,0.12567608757766524,0.944661542072798,0.8411830160707342,0,1.0,1,models/zone_6/trial_107.json,0.0,0.0,0.0,0.0,1.0,1.0,0.934679812211918,0.48351648449897766,0.06043956043956044,0.9327236638792041,0.3769639730453491,0.6593406593406593
25,4,300,7,0.23739647611583853,0.8726829810445821,0.8926751860204422,1,0.1,10,models/zone_6/trial_108.json,0.39676107889197754,0.13935483992099762,0.05032258064516129,0.3935568481374971,0.8664690256118774,0.8683870967741936,0.9273025953485459,0.4862637221813202,0.06868131868131869,0.9247556360219196,0.3867601156234741,0.6565934065934066
16,4,200,3,0.14636741058162267,0.9085657412592134,0.8904639621083741,5,0.1,1,models/zone_6/trial_109.json,0.6667204229218991,0.3051612973213196,0.06129032258064516,0.6638973003335821,0.6229391098022461,0.747741935483871,0.9032906852193757,0.49175822734832764,0.046703296703296704,0.902082517296012,0.41810786724090576,0.6346153846153846
13,4,200,7,0.26807814967221477,0.9319302922253169,0.987424395259471,1,0.0,5,models/zone_6/trial_110.json,0.35741003465062016,0.11483871191740036,0.05935483870967742,0.3524470720627697,0.8916428685188293,0.8909677419354839,0.9664708676395325,0.5054945349693298,0.07142857142857142,0.9638277300688165,0.3338608741760254,0.6373626373626373
7,4,200,7,0.2034281258283468,0.8546639963740595,0.9491943399319502,5,0.0,10,models/zone_6/trial_111.json,0.6365228129147101,0.2825806438922882,0.07096774193548387,0.6325542426758034,0.6563218235969543,0.7625806451612903,0.8817440420197687,0.46978020668029785,0.09065934065934066,0.8770709272480425,0.44553709030151367,0.6483516483516484
19,7,100,3,0.12927402214543743,0.8937159527029075,0.973606019822457,0,0.1,5,models/zone_6/trial_112.json,0.4885792395154386,0.19741936028003693,0.0567741935483871,0.48526937711572643,0.7975144386291504,0.8206451612903226,0.8817440420197687,0.48076921701431274,0.06318681318681318,0.8794770912944931,0.44553709030151367,0.6428571428571429
26,7,300,7,0.19214482973527763,0.8070603261533222,0.8194129225417409,0,0.0,1,models/zone_6/trial_113.json,0.0,0.0,0.0,0.0,1.0,1.0,0.9621975708471926,0.5302197933197021,0.03571428571428571,0.9615345368836703,0.33973854780197144,0.6181318681318682
7,3,200,3,0.1008552255492893,0.9803607513855344,0.8406014140599732,0,0.0,5,models/zone_6/trial_114.json,0.48193159943605696,0.18709677457809448,0.04774193548387097,0.47956102021784774,0.8029870390892029,0.832258064516129,0.9063269812674779,0.4862637221813202,0.07967032967032966,0.9028184812013943,0.4141893982887268,0.6373626373626373
9,5,300,5,0.17920007111362657,0.9656509018638983,0.8950174664536428,5,0.0,5,models/zone_6/trial_115.json,0.6021467072112161,0.26064515113830566,0.08645161290322581,0.5959083518358516,0.6924408674240112,0.7767741935483871,0.9243352357102178,0.4972527325153351,0.10164835164835165,0.9187291314651873,0.3906785845756531,0.6346153846153846
16,3,300,3,0.2712369468462674,0.8304033788491141,0.8830371739245064,5,1.0,5,models/zone_6/trial_116.json,0.6652673449944838,0.3096774220466614,0.04516129032258064,0.663732704496087,0.6245808601379395,0.7419354838709677,0.8971873002166685,0.4862637221813202,0.024725274725274724,0.8968465396793448,0.42594480514526367,0.6318681318681318
12,7,300,7,0.1461746262234461,0.9966606040019312,0.9379927424311559,0,0.0,10,models/zone_6/trial_117.json,0.0,0.0,0.0,0.0,1.0,1.0,0.9361483048339583,0.49175822734832764,0.057692307692307696,0.9343688907528774,0.37500470876693726,0.6428571428571429
11,6,100,3,0.049323634768033184,0.8761898286235528,0.8758739508343936,0,0.0,10,models/zone_6/trial_118.json,0.661376863002947,0.2916128933429718,0.06193548387096774,0.6584704630250159,0.6289589405059814,0.7593548387096775,0.8925823653973912,0.47252747416496277,0.09340659340659341,0.8876815335532626,0.4318224787712097,0.6510989010989011
29,5,200,7,0.17585397208282172,0.8894666834086001,0.8039713337574851,1,1.0,10,models/zone_6/trial_119.json,0.401609658466799,0.134193554520607,0.04774193548387097,0.3987618715184528,0.8631854057312012,0.8780645161290322,0.9434563565209846,0.5,0.08241758241758242,0.9398495795702263,0.36520856618881226,0.6456043956043956
18,5,100,5,0.029978097613143073,0.8269886801004873,0.8600209082325894,1,0.0,1,models/zone_6/trial_120.json,0.48923903560584076,0.1941935420036316,0.07548387096774194,0.483380827022962,0.7969672083854675,0.8251612903225807,0.8956549636929011,0.47252747416496277,0.07692307692307693,0.8923455846444742,0.42790400981903076,0.6510989010989011
28,4,300,5,0.09478134428194439,0.9585563733410265,0.9573154510305415,1,1.0,5,models/zone_6/trial_121.json,0.46559015822143723,0.17677418887615204,0.05548387096774193,0.4622723586921698,0.8161212205886841,0.8412903225806452,0.9153753780128233,0.49175822734832764,0.06868131868131869,0.9127951382299772,0.40243399143218994,0.6373626373626373
7,7,300,5,0.2975935235547084,0.8730431956816507,0.8505431550622331,5,0.1,10,models/zone_6/trial_122.json,0.6329653755423856,0.28322580456733704,0.054838709677419356,0.6305853449068083,0.6601526737213135,0.7625806451612903,0.9258201043711496,0.5,0.07692307692307693,0.9226189340023017,0.388719379901886,0.6346153846153846
7,6,200,3,0.025083210306819384,0.8477607856698557,0.8613272238718173,1,0.1,5,models/zone_6/trial_123.json,0.6490688008501686,0.28709676861763,0.0664516129032258,0.6456581957376558,0.6426403522491455,0.76,0.872346840616744,0.4532966911792755,0.10714285714285714,0.8657421204679118,0.45729249715805054,0.6648351648351648
8,5,300,7,0.14284538188002296,0.8160488372041567,0.910254822718164,0,1.0,1,models/zone_6/trial_124.json,0.0,0.0,0.0,0.0,1.0,1.0,0.9017687199730022,0.48351648449897766,0.054945054945054944,0.9000932474604495,0.42006707191467285,0.6456043956043956
30,7,100,5,0.1203946234129093,0.9809069640489235,0.8760033866590219,0,1.0,10,models/zone_6/trial_125.json,0.2602728144377594,0.06129032373428345,0.03806451612903226,0.25747432511948376,0.9425379037857056,0.9419354838709677,0.9390783375247129,0.5137362480163574,0.057692307692307696,0.9373045020169635,0.3710862994194031,0.6181318681318682
15,6,200,5,0.24291234894580707,0.9707253321910695,0.9568240708478007,1,1.0,5,models/zone_6/trial_126.json,0.4472135988319589,0.1716129034757614,0.05548387096774193,0.4437584253424773,0.8303499221801758,0.8419354838709677,0.9123692275101315,0.49175822734832764,0.06868131868131869,0.9097804454272347,0.4063524603843689,0.6373626373626373
11,5,300,5,0.17019096833424266,0.8977660838986056,0.8533345059801729,1,1.0,1,models/zone_6/trial_127.json,0.42197690721916253,0.1599999964237213,0.04645161290322581,0.4194124029970038,0.8489567041397095,0.8483870967741935,0.9361483048339583,0.4862637221813202,0.09615384615384616,0.9311971135283061,0.37500470876693726,0.6538461538461539
28,5,300,3,0.016672162973277057,0.8257051658723156,0.9524126710102702,0,0.0,1,models/zone_6/trial_128.json,0.6159178797182134,0.2774193584918976,0.04903225806451613,0.6139630904042784,0.6782121658325195,0.7638709677419355,0.8660254037844386,0.4642857015132904,0.057692307692307696,0.864101613025422,0.46512943506240845,0.6510989010989011
18,3,100,7,0.242422546436743,0.9557753355613159,0.972738079839068,0,1.0,1,models/zone_6/trial_129.json,0.0,0.0,0.0,0.0,1.0,1.0,0.9078413047751032,0.4670329689979553,0.03296703296703297,0.9072425248593536,0.41223013401031494,0.6648351648351648
30,5,300,3,0.05531069926171693,0.9252252757037347,0.974269875838026,1,1.0,5,models/zone_6/trial_130.json,0.52915026333934,0.21806451678276062,0.04903225806451613,0.5268736448799605,0.762489914894104,0.8064516129032258,0.9032906852193757,0.48076921701431274,0.057692307692307696,0.9014464285620095,0.41810786724090576,0.6428571428571429
28,3,300,3,0.026288260550817927,0.82774298816848,0.9836004342825175,0,0.0,1,models/zone_6/trial_131.json,0.5685295033880711,0.24967741966247559,0.04838709677419355,0.5664666762638184,0.7258236408233643,0.7806451612903226,0.8956549636929011,0.49450549483299255,0.038461538461538464,0.8948287614158219,0.42790400981903076,0.6318681318681318
29,3,100,5,0.2395618916215322,0.8466151493940042,0.8099997262909698,0,0.1,5,models/zone_6/trial_132.json,0.09158109607084826,0.008387097157537937,0.008387096774193548,0.09119623556865636,0.9928856492042542,0.9916129032258064,0.9153753780128233,0.4972527325153351,0.013736263736263736,0.9152723108292175,0.40243399143218994,0.6401098901098901
27,7,100,5,0.24708976937247012,0.9416475251137161,0.8990600758872298,5,0.0,5,models/zone_6/trial_133.json,0.5786525020907523,0.24709677696228027,0.06774193548387097,0.5746735941857068,0.7159729599952698,0.787741935483871,0.8833005113321865,0.4615384638309479,0.054945054945054944,0.8815899393464431,0.4435778856277466,0.6593406593406593
16,7,100,5,0.06362907571494186,0.8012626783245181,0.835170182547257,0,0.1,1,models/zone_6/trial_134.json,0.3282406693895238,0.10387096554040909,0.052258064516129035,0.32405405440589546,0.9086078405380249,0.8980645161290323,0.894120001065511,0.4752747118473053,0.046703296703296704,0.892899407283706,0.4298632740974426,0.6510989010989011
24,7,100,7,0.04596298913532306,0.9523333043989237,0.837639703135264,1,0.0,1,models/zone_6/trial_135.json,0.3079589398591067,0.09225806593894958,0.06,0.30205746088686397,0.9195530414581299,0.9090322580645162,0.8848542428004992,0.4642857015132904,0.06868131868131869,0.8821847365666833,0.4416186809539795,0.6593406593406593
19,7,200,7,0.129561776048912,0.9281189952573226,0.8436516455211093,1,0.1,10,models/zone_6/trial_136.json,0.3724374836747085,0.1180645152926445,0.04709677419354839,0.36944765702317933,0.8823394775390625,0.8909677419354839,0.928782720027936,0.49450549483299255,0.09340659340659341,0.9240738990716804,0.38480091094970703,0.6401098901098901
14,7,100,7,0.26826126158803937,0.9367062050874058,0.856289827457513,0,0.0,1,models/zone_6/trial_137.json,0.0,0.0,0.0,0.0,1.0,1.0,0.934679812211918,0.5,0.02197802197802198,0.9344213932569755,0.3769639730453491,0.6373626373626373
9,6,200,7,0.027517153469884086,0.9511300248171441,0.8860189558266872,5,1.0,5,models/zone_6/trial_138.json,0.5935133161119525,0.25548386573791504,0.07483870967741936,0.5887760457507998,0.7011970281600952,0.7819354838709678,0.8739200466955529,0.4615384638309479,0.08241758241758242,0.870025060469355,0.45533329248428345,0.6510989010989011
7,3,200,7,0.23370197151405125,0.9828953331134912,0.9396151955143821,5,1.0,1,models/zone_6/trial_139.json,0.5880531010476164,0.25806450843811035,0.07612903225806451,0.5831044692508829,0.7066695690155029,0.7767741935483871,0.9123692275101315,0.4752747118473053,0.09615384615384616,0.9072882784911338,0.4063524603843689,0.6483516483516484
25,5,300,5,0.14072821575293415,0.9484385293885549,0.896089761511152,1,0.1,5,models/zone_6/trial_140.json,0.4204452269632182,0.14967742562294006,0.05548387096774193,0.4167682012951829,0.85005122423172,0.8625806451612903,0.8925823653973912,0.47252747416496277,0.04945054945054945,0.8912115011950504,0.4318224787712097,0.6538461538461539
17,7,300,3,0.07615237243694396,0.8341105878989391,0.9381729235543236,1,0.1,5,models/zone_6/trial_141.json,0.4579054630663022,0.17483870685100555,0.045806451612903226,0.4556085911673237,0.8221410512924194,0.8412903225806452,0.9063269812674779,0.5027472376823425,0.07417582417582418,0.9032865096614743,0.4141893982887268,0.6181318681318682
17,6,200,5,0.14113115835397394,0.8284165780810404,0.9501104166888656,1,0.0,1,models/zone_6/trial_142.json,0.3698299571705925,0.12774193286895752,0.05290322580645161,0.3660265594839515,0.8839812278747559,0.8767741935483871,0.9063269812674779,0.48076921701431274,0.04120879120879121,0.9053896437201397,0.4141893982887268,0.6456043956043956
17,6,300,3,0.12583129321080383,0.8027900329744537,0.9582750213405562,5,0.0,1,models/zone_6/trial_143.json,0.6450806328178557,0.2987096905708313,0.05096774193548387,0.6430640104531293,0.6470184326171875,0.7470967741935484,0.8691918861616978,0.4642857015132904,0.0521978021978022,0.8676231295558139,0.4612109661102295,0.6510989010989011
25,4,100,3,0.014752915974516969,0.8944576444475351,0.8541780163903762,0,0.0,5,models/zone_6/trial_144.json,0.8187323109703347,0.36709678173065186,0.12322580645161291,0.8094059434359937,0.4313986897468567,0.7251612903225807,0.9419992882043534,0.5027472376823425,0.1510989010989011,0.9298020001319323,0.3671678304672241,0.6291208791208791
19,4,200,7,0.09052418266269857,0.8379892118074518,0.9213649998958844,1,0.1,5,models/zone_6/trial_145.json,0.3601075046345244,0.11677419394254684,0.05741935483870968,0.3555002630726805,0.890001118183136,0.8890322580645161,0.8956549636929011,0.4670329689979553,0.09340659340659341,0.8907710202436862,0.42790400981903076,0.6620879120879121
12,6,300,3,0.11247712804986111,0.8212023005886466,0.9905900632191933,5,0.1,10,models/zone_6/trial_146.json,0.6768046441326357,0.30451613664627075,0.04258064516129032,0.6754638441742685,0.6114466190338135,0.7490322580645161,0.8596574839236759,0.4642857015132904,0.0521978021978022,0.8580713131533464,0.47296637296676636,0.6483516483516484
16,4,100,7,0.28356801653897135,0.9607244092470465,0.8832690827407046,0,0.1,10,models/zone_6/trial_147.json,0.0,0.0,0.0,0.0,1.0,1.0,0.9607689252166183,0.5054945349693298,0.04945054945054945,0.9594954748387101,0.3416977524757385,0.6401098901098901
12,5,300,5,0.20837669476389326,0.8857994863564175,0.8243694776283441,0,1.0,5,models/zone_6/trial_148.json,0.0,0.0,0.0,0.0,1.0,1.0,0.9213582869905356,0.48076921701431274,0.008241758241758242,0.9213214272566244,0.39459705352783203,0.6510989010989011
17,5,300,3,0.11717458660859632,0.9940861410998152,0.8126249984170643,1,0.1,5,models/zone_6/trial_149.json,0.5441773773948285,0.22774194180965424,0.03806451612903226,0.542844475766243,0.7488085031509399,0.7980645161290323,0.9093531065202913,0.4862637221813202,0.06868131868131869,0.9067557297239824,0.41027092933654785,0.6428571428571429
14,4,200,7,0.07769712138133028,0.9743747560717971,0.8625074083117715,1,0.1,10,models/zone_6/trial_150.json,0.3835319647976992,0.1251612901687622,0.06451612903225806,0.3780667180382868,0.8752251267433167,0.8845161290322581,0.8910421097434507,0.4642857015132904,0.09615384615384616,0.8858388577082553,0.4337817430496216,0.6565934065934066
17,7,200,7,0.06636955381585795,0.8254265695295839,0.8643665504181313,5,1.0,1,models/zone_6/trial_151.json,0.5570660487964691,0.24580645561218262,0.0664516129032258,0.5530883869579265,0.7367687821388245,0.7825806451612903,0.8833005113321865,0.45604395866394043,0.09340659340659341,0.8783478744369771,0.4435778856277466,0.6675824175824175
29,7,300,3,0.2458633494205812,0.8498198129066645,0.912659604057301,0,0.1,10,models/zone_6/trial_152.json,0.1270001251077411,0.016129031777381897,0.016129032258064516,0.12597176896623638,0.9863185286521912,0.9838709677419355,0.9419992882043534,0.5247252583503723,0.046703296703296704,0.9408408151433914,0.3671678304672241,0.6153846153846154
10,6,100,7,0.10327993008180872,0.9058471120758957,0.8925378525295851,5,0.1,1,models/zone_6/trial_153.json,0.5400119381485671,0.22967742383480072,0.07870967741935483,0.5342449718119465,0.7526392936706543,0.7967741935483871,0.8548504062198911,0.450549453496933,0.08791208791208792,0.850317996733086,0.4788441061973572,0.6593406593406593
21,6,100,5,0.21645320945601293,0.872756491374631,0.9555518553540427,1,0.0,1,models/zone_6/trial_154.json,0.39020259907275784,0.13548387587070465,0.05032258064516129,0.38694405589612085,0.8708470463752747,0.8729032258064516,0.8910421097434507,0.4752747118473053,0.0521978021978022,0.8895119073974013,0.4337817430496216,0.6483516483516484
27,3,200,5,0.24920266628257354,0.8965106242327063,0.8292240392918651,1,0.1,5,models/zone_6/trial_155.json,0.41659138913437455,0.15419355034828186,0.03806451612903226,0.41484874316868414,0.8527875542640686,0.8548387096774194,0.8879535832302128,0.4752747118473053,0.06318681318681318,0.8857025263037434,0.43770021200180054,0.6510989010989011
17,7,300,3,0.2489995681875295,0.9291683155122326,0.9915451391394573,5,1.0,1,models/zone_6/trial_156.json,0.6667204229218991,0.30258065462112427,0.05870967741935484,0.6641304862823069,0.6229391098022461,0.7529032258064516,0.9376144657191655,0.4890109896659851,0.08241758241758242,0.9339851290193651,0.37304550409317017,0.6538461538461539
16,3,300,3,0.161815635648862,0.9008258495963458,0.8496452939371903,1,0.1,10,models/zone_6/trial_157.json,0.4977368156338539,0.20000000298023224,0.04258064516129032,0.4959121133240437,0.7898528575897217,0.82,0.8833005113321865,0.4670329689979553,0.03296703296703297,0.8826850825504705,0.4435778856277466,0.6483516483516484
7,5,200,3,0.05177728418908997,0.8050567388964016,0.930326993232948,1,0.0,5,models/zone_6/trial_158.json,0.5679618257837739,0.24258065223693848,0.05161290322580645,0.5656118398529983,0.7263708710670471,0.7883870967741935,0.8817440420197687,0.46978020668029785,0.07417582417582418,0.8786185034361415,0.44553709030151367,0.6538461538461539
21,4,200,7,0.12078564249744013,0.8313956835774259,0.8888278555251086,1,0.0,5,models/zone_6/trial_159.json,0.34454270557899397,0.10709677636623383,0.05290322580645161,0.340456937245559,0.8993045091629028,0.8980645161290323,0.9258201043711496,0.5,0.04395604395604396,0.9247760395590878,0.388719379901886,0.6373626373626373
21,5,100,7,0.18589731672008863,0.8569525557203608,0.9172960670717593,1,0.0,1,models/zone_6/trial_160.json,0.3340851704155329,0.106451615691185,0.05096774193548387,0.3301744879723514,0.9053243398666382,0.8961290322580645,0.9183717208415386,0.4972527325153351,0.019230769230769232,0.9181703387288146,0.398515522480011,0.6373626373626373
8,5,300,5,0.11695837841263654,0.8630537462708419,0.944100249372466,5,0.0,10,models/zone_6/trial_161.json,0.64807405972387,0.28580644726753235,0.06387096774193549,0.6449189867570256,0.643734872341156,0.7619354838709678,0.8754904598585553,0.45879119634628296,0.10164835164835165,0.8695695079122137,0.4533740282058716,0.6565934065934066
20,5,200,3,0.10471703497911836,0.9672146644600206,0.8069067979508951,1,0.1,10,models/zone_6/trial_162.json,0.53460868611306,0.22774194180965424,0.041935483870967745,0.532961412116685,0.7575646042823792,0.795483870967742,0.9078413047751032,0.5109890103340149,0.054945054945054944,0.9061770605753101,0.41223013401031494,0.6098901098901099
25,3,300,3,0.21960523477202926,0.942732824581663,0.899335321879205,0,0.0,1,models/zone_6/trial_163.json,0.14368424440647326,0.02064516209065914,0.02064516129032258,0.14219331420857714,0.9824877381324768,0.9793548387096774,0.9521519744024853,0.5,0.038461538461538464,0.9513748560123807,0.3534531593322754,0.6428571428571429
10,7,100,7,0.07815394324540514,0.9509319131975128,0.9944638868526832,1,0.0,5,models/zone_6/trial_164.json,0.33214843028603636,0.10000000149011612,0.06,0.32668422160422944,0.9064188599586487,0.9045161290322581,0.894120001065511,0.46978020668029785,0.07967032967032966,0.8905634104435072,0.4298632740974426,0.6538461538461539
17,3,200,5,0.16808230048435652,0.9049358687048449,0.9283637416209708,1,1.0,1,models/zone_6/trial_165.json,0.44140537228117244,0.1716129034757614,0.06064516129032258,0.4372194804551715,0.8347280025482178,0.84,0.88640525082176,0.4670329689979553,0.06043956043956044,0.8843423235648956,0.4396594166755676,0.6483516483516484
24,3,100,5,0.05612753244804033,0.9525528146496778,0.9737330112766545,0,0.0,1,models/zone_6/trial_166.json,0.38268996243243003,0.12838709354400635,0.06258064516129032,0.3775384427504337,0.8757723569869995,0.8806451612903226,0.8612538692791619,0.45604395866394043,0.04945054945054945,0.8598330564227458,0.47100716829299927,0.6538461538461539
27,7,100,3,0.19644174221485122,0.9394575539611576,0.8957386464512271,0,0.0,1,models/zone_6/trial_167.json,0.388545681964216,0.13935483992099762,0.04,0.38648123102614423,0.8719415664672852,0.8664516129032258,0.9017687199730022,0.4890109896659851,0.038461538461538464,0.9009481246142781,0.42006707191467285,0.6428571428571429
11,4,300,5,0.10365557374345008,0.9511926153813759,0.9340526005563271,0,1.0,5,models/zone_6/trial_168.json,0.04399413469761206,0.0019354838877916336,0.001935483870967742,0.043951538916777014,0.9983582496643066,0.9980645161290322,0.934679812211918,0.4780219793319702,0.07692307692307693,0.9315091056254147,0.3769639730453491,0.6620879120879121
22,3,300,7,0.21216617606827784,0.9100062162696743,0.8080260041357941,5,0.0,1,models/zone_6/trial_169.json,0.5506594367630261,0.24129031598567963,0.07483870967741936,0.5455501571674523,0.7427886128425598,0.7858064516129032,0.8402642195547425,0.4368131756782532,0.046703296703296704,0.8389652901765363,0.4964771866798401,0.6648351648351648
14,7,200,3,0.11132064486689133,0.8161254876577604,0.9763293912531708,5,0.0,5,models/zone_6/trial_170.json,0.6505580835440788,0.2941935360431671,0.04645161290322581,0.6488975682727604,0.6409986019134521,0.7529032258064516,0.8707707922591756,0.450549453496933,0.06043956043956044,0.8686707188432399,0.4592517614364624,0.6675824175824175
13,4,300,3,0.2754081922175522,0.948850778673279,0.8562834296608668,5,0.1,10,models/zone_6/trial_171.json,0.6872103471067487,0.31612902879714966,0.04387096774193548,0.6858085758471639,0.5994069576263428,0.7406451612903225,0.8801847864797325,0.47252747416496277,0.07142857142857142,0.8772817300667718,0.44749635457992554,0.6428571428571429
19,4,100,7,0.08432068576664375,0.8391544868455203,0.9795856256192056,1,0.0,10,models/zone_6/trial_172.json,0.40640041427793,0.1367741972208023,0.06193548387096774,0.4016531913980639,0.8599019050598145,0.8741935483870967,0.9198662159921907,0.48351648449897766,0.08791208791208792,0.9156556727027817,0.3965563178062439,0.6456043956043956
16,6,100,5,0.18497667864444167,0.9302817235467529,0.9023610215932379,1,0.0,1,models/zone_6/trial_173.json,0.4134824576698661,0.1529032289981842,0.053548387096774196,0.4100003807008206,0.8549765348434448,0.8554838709677419,0.9405399309388843,0.4890109896659851,0.06043956043956044,0.9385959962354716,0.3691270351409912,0.6510989010989011
10,3,200,3,0.22541588828410375,0.9748468640529859,0.8400285270210495,5,1.0,10,models/zone_6/trial_174.json,0.7228973811176168,0.33419355750083923,0.04516129032258064,0.7214853449777687,0.5567208528518677,0.7335483870967742,0.8628473011087594,0.48076921701431274,0.06868131868131869,0.860109511033153,0.4690479040145874,0.6291208791208791
16,4,300,5,0.11467211324346162,0.8108735109088273,0.9252235267010481,5,0.1,1,models/zone_6/trial_175.json,0.5764183163950403,0.25999999046325684,0.0703225806451613,0.5721125756068765,0.7181620001792908,0.7716129032258064,0.8879535832302128,0.4642857015132904,0.09065934065934066,0.8833133206358614,0.43770021200180054,0.6648351648351648
23,3,200,3,0.07276283093229148,0.8361838293974966,0.8667864027714025,1,1.0,5,models/zone_6/trial_176.json,0.5334005304810211,0.22387096285820007,0.05096774193548387,0.5309599027367848,0.7586591243743896,0.8006451612903226,0.8707707922591756,0.48351648449897766,0.07142857142857142,0.867836227306415,0.4592517614364624,0.6263736263736264
30,5,200,5,0.18452576397820566,0.8330514578831478,0.8983364514711135,5,1.0,5,models/zone_6/trial_177.json,0.6053524767072511,0.26451611518859863,0.06580645161290323,0.6017650071492563,0.6891573071479797,0.775483870967742,0.8676100723725737,0.45604395866394043,0.04945054945054945,0.8661996859306124,0.46317023038864136,0.6648351648351648
28,4,100,7,0.04110586104154274,0.8000541476200245,0.806239987342472,0,0.0,5,models/zone_6/trial_178.json,0.3369694208193122,0.08774193376302719,0.06064516129032258,0.3314672706449989,0.9036825299263,0.9206451612903226,0.9048100903982182,0.4615384638309479,0.09340659340659341,0.8999758480034307,0.4161486029624939,0.6648351648351648
7,5,200,5,0.2213369863834393,0.9922416793696391,0.8194465339981584,1,0.0,10,models/zone_6/trial_179.json,0.47722315724370945,0.18258064985275269,0.054838709677419356,0.47406186453329774,0.8068178296089172,0.8348387096774194,0.8956549636929011,0.4780219793319702,0.10989010989010989,0.8888880502887536,0.42790400981903076,0.6456043956043956
13,6,300,5,0.0320688556223647,0.8834974060261637,0.8044789065382927,0,0.0,5,models/zone_6/trial_180.json,0.2839809128918869,0.07548387348651886,0.036774193548387096,0.2815898080172441,0.9315927028656006,0.9270967741935484,0.9213582869905356,0.4972527325153351,0.057692307692307696,0.9195502686282219,0.39459705352783203,0.6346153846153846
11,5,200,3,0.044894256045131704,0.9273419570092268,0.990484998646123,0,0.1,1,models/zone_6/trial_181.json,0.5423961062205066,0.23225806653499603,0.04258064516129032,0.540722144030319,0.7504502534866333,0.7948387096774193,0.8817440420197687,0.48076921701431274,0.057692307692307696,0.8798546045260338,0.44553709030151367,0.6346153846153846
7,3,100,7,0.07809281872228477,0.9739583579993845,0.9159554015024284,5,0.1,5,models/zone_6/trial_182.json,0.615393917650744,0.2703225910663605,0.08451612903225807,0.6095627132237974,0.6787594556808472,0.772258064516129,0.9017687199730022,0.47252747416496277,0.0989010989010989,0.8963288379958374,0.42006707191467285,0.6538461538461539
7,7,200,3,0.22211586654650003,0.8306589710943038,0.81303155332437,5,0.1,1,models/zone_6/trial_183.json,0.659912019052898,0.2987096905708313,0.052258064516129035,0.6578396200144607,0.6306006908416748,0.7541935483870967,0.8956549636929011,0.47252747416496277,0.07692307692307693,0.8923455846444742,0.42790400981903076,0.6565934065934066
8,6,200,5,0.12960303329495068,0.9945814237196282,0.9153521372339251,0,1.0,1,models/zone_6/trial_184.json,0.025400025892370625,0.0006451613153330982,0.0006451612903225806,0.025391830521489585,0.9994527697563171,0.9993548387096775,0.9198662159921907,0.48351648449897766,0.07692307692307693,0.9166442529086911,0.3965563178062439,0.6538461538461539
15,5,300,5,0.06878260316374071,0.8534568876391841,0.9342485118984616,0,0.0,10,models/zone_6/trial_185.json,0.14591203776833483,0.02129032276570797,0.02129032258064516,0.1443504234322062,0.981940507888794,0.9787096774193549,0.9302605217408072,0.49175822734832764,0.07417582417582418,0.9272985293272348,0.38284164667129517,0.6428571428571429
21,3,300,3,0.2633210566888114,0.9670784963026616,0.8870688998087413,5,0.1,1,models/zone_6/trial_186.json,0.6700986845730245,0.3058064579963684,0.06322580645161291,0.6671092530186186,0.619108259677887,0.7490322580645161,0.9153753780128233,0.4972527325153351,0.06318681318681318,0.9131919374104124,0.40243399143218994,0.6373626373626373
29,3,200,5,0.03564063991184705,0.8734594307188056,0.9641428403146195,5,0.0,5,models/zone_6/trial_187.json,0.6010743179135276,0.25806450843811035,0.08,0.59572671803491,0.6935353875160217,0.7825806451612903,0.8754904598585553,0.4752747118473053,0.07417582417582418,0.8723425150658162,0.4533740282058716,0.6401098901098901
28,5,300,7,0.1668224343825262,0.864142247639887,0.9278628369372901,1,0.0,10,models/zone_6/trial_188.json,0.35741003465062016,0.1135483905673027,0.04645161290322581,0.35437858730820604,0.8916428685188293,0.8929032258064517,0.9183717208415386,0.4862637221813202,0.057692307692307696,0.9165577947078566,0.398515522480011,0.6456043956043956
19,5,200,5,0.23252085376389595,0.8295266372177414,0.934531588482349,1,1.0,10,models/zone_6/trial_189.json,0.43254684668610693,0.16129031777381897,0.04258064516129032,0.4304458884124654,0.8412951231002808,0.8496774193548388,0.8754904598585553,0.46978020668029785,0.057692307692307696,0.8735874965432212,0.4533740282058716,0.6456043956043956
20,5,200,3,0.1846240495400733,0.9769544692898415,0.8665608151625381,1,1.0,5,models/zone_6/trial_190.json,0.538815898051342,0.2245161235332489,0.04903225806451613,0.5365802999684726,0.7537338137626648,0.8025806451612904,0.9063269812674779,0.49175822734832764,0.057692307692307696,0.9044888993579232,0.4141893982887268,0.6346153846153846
21,7,300,3,0.26802486302255957,0.8686907522475018,0.9836597366030686,5,0.0,10,models/zone_6/trial_191.json,0.6525384760799473,0.29032257199287415,0.04387096774193548,0.6510620475824783,0.6388095617294312,0.7587096774193548,0.88640525082176,0.47252747416496277,0.054945054945054944,0.8847006989097334,0.4396594166755676,0.6428571428571429
17,7,300,7,0.05623411116613729,0.9597471096719691,0.8279042601246118,0,1.0,5,models/zone_6/trial_192.json,0.04399413469761206,0.0019354838877916336,0.001935483870967742,0.043951538916777014,0.9983582496643066,0.9980645161290322,0.9168747571803151,0.4780219793319702,0.06593406593406594,0.9145009784624305,0.40047478675842285,0.6565934065934066
9,6,100,7,0.16775905364881263,0.9039137692806353,0.9150929182828076,1,1.0,10,models/zone_6/trial_193.json,0.4181371866397505,0.14645160734653473,0.05870967741935484,0.41399502829712176,0.8516930341720581,0.8651612903225806,0.8817440420197687,0.45879119634628296,0.10164835164835165,0.8758653664118135,0.44553709030151367,0.6675824175824175
12,4,300,7,0.23844003079176634,0.8978359984113594,0.865097459751151,1,1.0,5,models/zone_6/trial_194.json,0.4087747286102941,0.1503225862979889,0.04967741935483871,0.40574490532820234,0.8582600951194763,0.8574193548387097,0.928782720027936,0.49450549483299255,0.07142857142857142,0.9260320306668858,0.38480091094970703,0.6456043956043956
23,6,100,7,0.11182896381206534,0.8815996895548716,0.9503131031810501,0,0.0,10,models/zone_6/trial_195.json,0.15450232143417272,0.02129032276570797,0.02,0.15320237511845394,0.979751467704773,0.98,0.9579052107033169,0.5109890103340149,0.07142857142857142,0.9552383874018522,0.3456162214279175,0.6346153846153846
27,6,100,7,0.2696179620807058,0.8376662265005737,0.8001192240315431,5,0.0,5,models/zone_6/trial_196.json,0.5780947651560592,0.2541935443878174,0.05548387096774193,0.5754260060594514,0.7165201902389526,0.7767741935483871,0.9138735388388136,0.48351648449897766,0.07142857142857142,0.9110778201386031,0.4043932557106018,0.6483516483516484
11,3,300,5,0.08013167142258705,0.8812239740831518,0.965046391202873,5,1.0,1,models/zone_6/trial_197.json,0.6080110397277727,0.2729032337665558,0.07677419354838709,0.6031443795309988,0.6864210367202759,0.7683870967741936,0.8956549636929011,0.4780219793319702,0.07142857142857142,0.8928021961114766,0.42790400981903076,0.6456043956043956
13,3,100,3,0.09577738087707684,0.8414174797918113,0.9655313205362377,5,0.0,1,models/zone_6/trial_198.json,0.6834447861899214,0.31354838609695435,0.06193548387096774,0.6806326248654391,0.6037850379943848,0.7458064516129033,0.8691918861616978,0.4642857015132904,0.057692307692307696,0.8672751023335339,0.4612109661102295,0.6483516483516484
15,6,100,5,0.2840136368101771,0.9323170101687324,0.8021136905220427,5,0.1,5,models/zone_6/trial_199.json,0.6090712156890562,0.27161291241645813,0.06258064516129032,0.6058476745739646,0.6853265166282654,0.7683870967741936,0.9002441816748411,0.4532966911792755,0.09615384615384616,0.8950944074841397,0.4220263361930847,0.6758241758241759
19,5,100,5,0.13427192531216703,0.9179381592863138,0.8956878969598109,5,1.0,1,models/zone_6/trial_200.json,0.5853038922444255,0.25612902641296387,0.07290322580645162,0.5807458694027051,0.7094058990478516,0.78,0.8754904598585553,0.45879119634628296,0.07967032967032966,0.871857875489886,0.4533740282058716,0.6565934065934066
28,6,100,5,0.10269323573957469,0.8062080640431973,0.9401263005638085,1,1.0,1,models/zone_6/trial_201.json,0.40956310798882806,0.15096774697303772,0.05290322580645161,0.4061319787743174,0.8577128648757935,0.8574193548387097,0.8644378302212702,0.4670329689979553,0.06043956043956044,0.8623223334615775,0.4670886993408203,0.6456043956043956
20,7,300,5,0.285245469746702,0.9369696341310567,0.9989276633073809,1,0.0,5,models/zone_6/trial_202.json,0.3877145680755224,0.13741935789585114,0.043225806451612905,0.3852974309566169,0.8724888563156128,0.8690322580645161,0.9138735388388136,0.4780219793319702,0.054945054945054944,0.9122203002027088,0.4043932557106018,0.6538461538461539
9,6,200,7,0.03669416341230091,0.849077903813539,0.9661260123783476,5,0.0,5,models/zone_6/trial_203.json,0.573613347212605,0.24387097358703613,0.07354838709677419,0.5688786274944588,0.7208982706069946,0.7896774193548387,0.872346840616744,0.45879119634628296,0.09615384615384616,0.8670314001573609,0.45729249715805054,0.6593406593406593
19,5,100,7,0.2953600715554584,0.8068684299631007,0.8619627156147744,5,0.1,1,models/zone_6/trial_204.json,0.5483112005020304,0.23483870923519135,0.07225806451612904,0.5435291467830455,0.7449776530265808,0.7941935483870968,0.9507082332010218,0.5082417726516724,0.10714285714285714,0.9446515558709566,0.35541242361068726,0.6318681318681318
26,6,100,3,0.2083088962527469,0.9186858130435894,0.935048538119845,0,1.0,5,models/zone_6/trial_205.json,0.41503983441449355,0.14516128599643707,0.03935483870967742,0.4131697728371042,0.8538820743560791,0.8670967741935484,0.8786227977169895,0.46978020668029785,0.08516483516483517,0.8744855475245823,0.4494555592536926,0.6483516483516484
9,7,100,5,0.08967493297284841,0.9130099913301738,0.9602615355327434,5,1.0,10,models/zone_6/trial_206.json,0.630412058308111,0.27483871579170227,0.07354838709677419,0.6261070112961304,0.6628888845443726,0.7696774193548387,0.8817440420197687,0.46978020668029785,0.09065934065934066,0.8770709272480426,0.44553709030151367,0.6510989010989011
8,5,300,3,0.2124828027922923,0.8982198002545814,0.980452348964998,1,0.0,1,models/zone_6/trial_207.json,0.46281049332579705,0.18451613187789917,0.04645161290322581,0.4604734477098388,0.8183102607727051,0.8296774193548387,0.9521519744024853,0.49450549483299255,0.054945054945054944,0.9505653304904884,0.3534531593322754,0.6483516483516484
16,7,200,5,0.04180562547724047,0.8309592380651307,0.9674748868894885,0,0.1,5,models/zone_6/trial_208.json,0.30267623835362556,0.08387096971273422,0.04258064516129032,0.2996661340282794,0.9222893118858337,0.92,0.9017687199730022,0.47252747416496277,0.08791208791208792,0.8974732742459525,0.42006707191467285,0.6538461538461539
14,3,200,7,0.2439727707179095,0.9810819926509732,0.9544925337682957,0,0.1,1,models/zone_6/trial_209.json,0.0,0.0,0.0,0.0,1.0,1.0,0.8833005113321865,0.450549453496933,0.054945054945054944,0.881589939346443,0.4435778856277466,0.6730769230769231
14,5,300,7,0.25520614142024367,0.845746504834038,0.8889332828051127,5,0.0,1,models/zone_6/trial_210.json,0.5477225683874355,0.24193547666072845,0.052258064516129035,0.5452238940958367,0.7455248832702637,0.7838709677419354,0.8801847864797325,0.4670329689979553,0.04395604395604396,0.8790865377907963,0.44749635457992554,0.6483516483516484
12,4,100,7,0.2938511114905402,0.9210411944430631,0.8047356403441687,1,0.1,10,models/zone_6/trial_211.json,0.401609658466799,0.1432258039712906,0.04516129032258064,0.39906237662431265,0.8631854057312012,0.864516129032258,0.9332090407160466,0.48076921701431274,0.11813186813186813,0.9257018864682063,0.3789231777191162,0.6510989010989011
20,3,300,7,0.2703299453944378,0.873657659642148,0.9086969257985474,1,0.1,1,models/zone_6/trial_212.json,0.3398291814904206,0.11161290109157562,0.04709677419354839,0.3365497954661447,0.9020407795906067,0.8903225806451613,0.9678910970136326,0.4972527325153351,0.0521978021978022,0.9664825793871848,0.3319016098976135,0.6373626373626373
15,6,300,7,0.1324540176943852,0.8130350680459186,0.8525551153388337,5,0.1,5,models/zone_6/trial_213.json,0.5858547660909851,0.25548386573791504,0.06322580645161291,0.5824330895906895,0.7088586091995239,0.7780645161290323,0.9093531065202913,0.4752747118473053,0.07967032967032966,0.905856343739612,0.41027092933654785,0.6510989010989011
19,7,100,3,0.04509315443777807,0.8323990644311571,0.9140841248434644,5,0.0,5,models/zone_6/trial_214.json,0.6876795924306804,0.31806451082229614,0.053548387096774196,0.6855915664926062,0.5988596677780151,0.7380645161290322,0.8676100723725737,0.4670329689979553,0.08241758241758242,0.8636866300086471,0.46317023038864136,0.6428571428571429
28,7,200,7,0.08627193814952017,0.813363777057626,0.9579996327404122,0,1.0,5,models/zone_6/trial_215.json,0.04399413469761206,0.0019354838877916336,0.001935483870967742,0.043951538916777014,0.9983582496643066,0.9980645161290322,0.9183717208415386,0.4862637221813202,0.0521978021978022,0.9168871156540005,0.398515522480011,0.6456043956043956
10,7,100,3,0.06870970728056351,0.8600686209398729,0.9493284295521287,1,0.0,5,models/zone_6/trial_216.json,0.6069490119283081,0.2664516270160675,0.04838709677419355,0.6050171779709717,0.6875155568122864,0.7709677419354839,0.8817440420197687,0.4642857015132904,0.07417582417582418,0.8786185034361412,0.44553709030151367,0.6565934065934066
8,7,100,3,0.16212330589528562,0.853177503623922,0.9061038598550223,1,0.0,5,models/zone_6/trial_217.json,0.4885792395154386,0.19483870267868042,0.04774193548387097,0.48624107705500236,0.7975144386291504,0.8232258064516129,0.9213582869905356,0.48076921701431274,0.07417582417582418,0.918367598518663,0.39459705352783203,0.6565934065934066
14,6,100,3,0.20257054207980832,0.8956550873499131,0.8428244979665385,0,0.1,10,models/zone_6/trial_218.json,0.4607147389733925,0.1735483855009079,0.044516129032258066,0.4585590243056093,0.8199520111083984,0.8425806451612903,0.9478141533610497,0.5137362480163574,0.07967032967032966,0.9444597857621412,0.3593308925628662,0.6208791208791209
27,7,100,3,0.20345388089729186,0.9715691261140524,0.8290805233436607,0,0.1,10,models/zone_6/trial_219.json,0.45223459366303903,0.16967742145061493,0.043225806451612905,0.45016403531253557,0.8265191316604614,0.8438709677419355,0.872346840616744,0.48076921701431274,0.08516483516483517,0.8681796829230441,0.45729249715805054,0.6291208791208791
9,7,100,3,0.19181287302441882,0.882701724528925,0.9251246994163431,0,0.1,5,models/zone_6/trial_220.json,0.43254684668610693,0.15870967507362366,0.04387096774193548,0.4303162934202404,0.8412951231002808,0.8541935483870968,0.9048100903982182,0.4670329689979553,0.07692307692307693,0.9015343359617564,0.4161486029624939,0.6675824175824175
8,6,100,5,0.23638327989311786,0.8055330473074402,0.9343311961390007,1,0.1,5,models/zone_6/trial_221.json,0.3934955031805709,0.13806451857089996,0.04774193548387097,0.39058855240991547,0.8686580061912537,0.8696774193548387,0.9419992882043534,0.4972527325153351,0.0521978021978022,0.9405519798545727,0.3671678304672241,0.6428571428571429
26,4,300,3,0.14901608212530443,0.9898775812841469,0.9019094569813373,1,1.0,10,models/zone_6/trial_222.json,0.581433161722938,0.2567741870880127,0.04129032258064516,0.579965193257508,0.7132366895675659,0.7735483870967742,0.8612538692791619,0.47252747416496277,0.038461538461538464,0.860394648877719,0.47100716829299927,0.6373626373626373
12,4,300,7,0.09341202671951583,0.9546198339388601,0.8865483054516045,0,0.1,1,models/zone_6/trial_223.json,0.0,0.0,0.0,0.0,1.0,1.0,0.8879535832302128,0.46978020668029785,0.0521978021978022,0.8864180322552433,0.43770021200180054,0.6483516483516484
24,3,300,3,0.23414624106888496,0.807989709629895,0.855477886487942,1,0.1,10,models/zone_6/trial_224.json,0.46972881483144713,0.18838709592819214,0.03870967741935484,0.46813109506249645,0.8128376603126526,0.8270967741935484,0.8644378302212702,0.4670329689979553,0.04945054945054945,0.8630222421304019,0.4670886993408203,0.6428571428571429
17,5,300,7,0.1048554523781297,0.861628372751741,0.9896991885750173,5,0.1,5,models/zone_6/trial_225.json,0.5869549627540604,0.25161290168762207,0.0696774193548387,0.5828045866877748,0.7077640891075134,0.7832258064516129,0.8754904598585553,0.44780218601226807,0.09065934065934066,0.8707837851239135,0.4533740282058716,0.6758241758241759
29,7,300,7,0.2778016597616173,0.9210409635295598,0.9322017651584984,5,0.0,5,models/zone_6/trial_226.json,0.5633998137621695,0.23999999463558197,0.06451612903225806,0.5596936875947438,0.7307489514350891,0.7903225806451613,0.8833005113321865,0.4670329689979553,0.06043956043956044,0.881230298930792,0.4435778856277466,0.6456043956043956
17,3,300,5,0.2928157287038781,0.9065478228285873,0.9232733318677036,0,0.1,10,models/zone_6/trial_227.json,0.0,0.0,0.0,0.0,1.0,1.0,0.9833783447879841,0.5219780206680298,0.02197802197802198,0.9831327141250568,0.31035006046295166,0.6346153846153846
15,5,200,7,0.15892019403036123,0.8626103265983163,0.9811621640982693,0,1.0,1,models/zone_6/trial_228.json,0.0,0.0,0.0,0.0,1.0,1.0,0.949262296203671,0.4890109896659851,0.08791208791208792,0.9451827156152606,0.35737162828445435,0.6593406593406593
18,5,100,5,0.16012481083027297,0.8823078487493428,0.8527820298042306,1,1.0,10,models/zone_6/trial_229.json,0.43994133850842293,0.16387096047401428,0.05032258064516129,0.43705380100622104,0.8358225226402283,0.8490322580645161,0.9376144657191655,0.5,0.07692307692307693,0.9344537010240611,0.37304550409317017,0.6428571428571429
13,7,100,7,0.095554436781184,0.93742067618069,0.8722973878869729,5,1.0,5,models/zone_6/trial_230.json,0.5880531010476164,0.2567741870880127,0.07741935483870968,0.5829345547394331,0.7066695690155029,0.7780645161290323,0.9153753780128233,0.4752747118473053,0.10714285714285714,0.9090833273552834,0.40243399143218994,0.6565934065934066
13,6,300,7,0.060290526777439714,0.944918539706979,0.9752291340998726,5,0.0,1,models/zone_6/trial_231.json,0.5242506230723072,0.21806451678276062,0.08516129032258064,0.5172874097714079,0.766867995262146,0.8064516129032258,0.928782720027936,0.48351648449897766,0.06593406593406594,0.9264394538159333,0.38480091094970703,0.6565934065934066
26,5,100,7,0.24477747242239972,0.8749997246945409,0.8783260471885552,5,0.1,10,models/zone_6/trial_232.json,0.6037517196915108,0.2638709545135498,0.06387096774193549,0.6003637468335065,0.6907991170883179,0.7741935483870968,0.872346840616744,0.46978020668029785,0.06868131868131869,0.8696389408560349,0.45729249715805054,0.6401098901098901
21,7,200,3,0.08387045708101455,0.8144100490995284,0.8248858555652405,1,1.0,5,models/zone_6/trial_233.json,0.4885792395154386,0.19612903892993927,0.04387096774193548,0.4866056058131071,0.7975144386291504,0.8225806451612904,0.8739200466955529,0.4670329689979553,0.054945054945054944,0.8721910941263666,0.45533329248428345,0.6483516483516484
7,3,100,5,0.27906365605865513,0.8909521131735311,0.9981707506636444,5,0.1,10,models/zone_6/trial_234.json,0.6729808400814921,0.3058064579963684,0.0696774193548387,0.6693640885486026,0.6158246994018555,0.7490322580645161,0.9183717208415386,0.49175822734832764,0.08516483516483517,0.914414317614253,0.398515522480011,0.6373626373626373
25,6,100,5,0.02478798161936934,0.885541459363867,0.9963393322967881,5,0.0,5,models/zone_6/trial_235.json,0.6390517152281959,0.27161291241645813,0.10516129032258065,0.6303397494937817,0.6535855531692505,0.7774193548387097,0.8754904598585553,0.4532966911792755,0.11263736263736264,0.8682144556626639,0.4533740282058716,0.6620879120879121
20,6,200,3,0.050520935226383575,0.8245833193679675,0.9520248842258748,0,0.0,1,models/zone_6/trial_236.json,0.5155642213546424,0.21419355273246765,0.04903225806451613,0.513227327099793,0.7745295763015747,0.8083870967741935,0.8707707922591756,0.4670329689979553,0.06043956043956044,0.8686707188432399,0.4592517614364624,0.6428571428571429
15,3,300,7,0.08784014401549406,0.956774127626256,0.9851495619759308,5,0.1,1,models/zone_6/trial_237.json,0.5447698401557877,0.236129030585289,0.08387096774193549,0.5382748873191264,0.7482612133026123,0.7903225806451613,0.894120001065511,0.4642857015132904,0.07417582417582418,0.8910378760515102,0.4298632740974426,0.6538461538461539
8,7,100,3,0.042315291821254084,0.9953672522669434,0.9439143915134278,1,0.1,1,models/zone_6/trial_238.json,0.6642968605720727,0.2967741787433624,0.06193548387096774,0.6614032948347885,0.6256753206253052,0.7554838709677419,0.9078413047751032,0.4890109896659851,0.10989010989010989,0.9011659047723475,0.41223013401031494,0.6373626373626373
14,4,300,7,0.17547895906866118,0.8533471553442651,0.9105231588386766,0,0.0,1,models/zone_6/trial_239.json,0.0,0.0,0.0,0.0,1.0,1.0,0.9048100903982182,0.48351648449897766,0.04395604395604396,0.90374176891469,0.4161486029624939,0.6428571428571429
24,7,200,3,0.059834277210056686,0.9932799426095476,0.8766543987440187,5,1.0,1,models/zone_6/trial_240.json,0.6867407811507404,0.30903226137161255,0.056129032258064517,0.6844431568534962,0.5999542474746704,0.7490322580645161,0.8879535832302128,0.48076921701431274,0.07417582417582418,0.8848499791317032,0.43770021200180054,0.6373626373626373
12,3,300,7,0.18809835831683144,0.9948172021951216,0.9619100667331473,0,0.0,1,models/zone_6/trial_241.json,0.0,0.0,0.0,0.0,1.0,1.0,0.9063269812674779,0.4752747118473053,0.024725274725274724,0.9059896424453932,0.4141893982887268,0.6538461538461539
20,4,100,5,0.18678608974841487,0.9783770355187998,0.983525106639179,1,0.0,1,models/zone_6/trial_242.json,0.43180043295838144,0.1645161360502243,0.06,0.42761152101320393,0.8418423533439636,0.8464516129032258,0.8402642195547425,0.44780218601226807,0.046703296703296704,0.8389652901765364,0.4964771866798401,0.6510989010989011
14,5,200,7,0.2596596227133105,0.969917908887123,0.8892330411276039,0,0.0,1,models/zone_6/trial_243.json,0.0,0.0,0.0,0.0,1.0,1.0,0.9093531065202913,0.4862637221813202,0.057692307692307696,0.9075211703074552,0.41027092933654785,0.6428571428571429
20,6,200,3,0.22435767276253057,0.8768951041260159,0.9230105843405338,1,0.0,10,models/zone_6/trial_244.json,0.4464917046319936,0.16967742145061493,0.044516129032258066,0.44426698387980706,0.8308972120285034,0.8438709677419355,0.9017687199730022,0.4890109896659851,0.06593406593406594,0.8993550534334119,0.42006707191467285,0.6373626373626373
15,4,300,5,0.13662858396008945,0.9750293426572314,0.868457746985674,0,0.1,10,models/zone_6/trial_245.json,0.0,0.0,0.0,0.0,1.0,1.0,0.8971873002166685,0.4752747118473053,0.04120879120879121,0.8962404200169535,0.42594480514526367,0.6483516483516484
26,6,200,7,0.06958617857216821,0.828903147136355,0.8154713907852077,5,1.0,5,models/zone_6/trial_246.json,0.5907895166867488,0.2548387050628662,0.0664516129032258,0.5870404084959365,0.7039332985877991,0.7819354838709678,0.8956549636929011,0.45604395866394043,0.08791208791208792,0.8913300550282929,0.42790400981903076,0.6730769230769231
12,6,100,3,0.10112141648267946,0.8810204569610086,0.8497531320377198,1,0.0,5,models/zone_6/trial_247.json,0.5441773773948285,0.22516128420829773,0.054838709677419356,0.5414071925814989,0.7488085031509399,0.8025806451612904,0.8817440420197687,0.4752747118473053,0.08516483516483517,0.8776214892103964,0.44553709030151367,0.6428571428571429
26,6,100,7,0.28122700380801885,0.8488145793161948,0.939516182340227,1,1.0,1,models/zone_6/trial_248.json,0.3698299571705925,0.12645161151885986,0.04774193548387097,0.3667354648035025,0.8839812278747559,0.8780645161290322,0.8833005113321865,0.44505494832992554,0.06043956043956044,0.881230298930792,0.4435778856277466,0.6785714285714286
19,7,200,5,0.12048157048183153,0.8981914943997441,0.9448356977780574,1,0.0,5,models/zone_6/trial_249.json,0.38184610338654223,0.13032257556915283,0.05290322580645161,0.3781635893527758,0.8763196468353271,0.8767741935483871,0.8894991869887893,0.4615384638309479,0.06593406593406594,0.8870521349718928,0.43574094772338867,0.6593406593406593
15,5,100,5,0.11631247851523462,0.9994198162255572,0.8957061501713071,0,0.0,10,models/zone_6/trial_250.json,0.3079589398591067,0.0858064517378807,0.03806451612903226,0.3055974513789047,0.9195530414581299,0.9187096774193548,0.9302605217408072,0.5082417726516724,0.046703296703296704,0.929087411098471,0.38284164667129517,0.6208791208791209
27,7,300,7,0.24494122450617362,0.9691805095021326,0.9958322992644371,1,0.0,1,models/zone_6/trial_251.json,0.3005371589567638,0.08903225511312485,0.05161290322580645,0.2960721007892585,0.9233838319778442,0.9116129032258065,0.9777750041108335,0.5164835453033447,0.027472527472527472,0.9773889790038699,0.31818699836730957,0.6456043956043956
9,4,100,7,0.21164071046053592,0.8100130144512522,0.8158510722596256,1,0.1,1,models/zone_6/trial_252.json,0.345477693408333,0.11290322244167328,0.04709677419354839,0.3422524398309519,0.8987572193145752,0.8903225806451613,0.872346840616744,0.4532966911792755,0.06318681318681318,0.8700554221590173,0.45729249715805054,0.6620879120879121
16,4,200,5,0.26259252761028135,0.837204014106227,0.8818928753012394,0,1.0,1,models/zone_6/trial_253.json,0.0,0.0,0.0,0.0,1.0,1.0,0.9138735388388136,0.48351648449897766,0.02197802197802198,0.913609217179188,0.4043932557106018,0.6510989010989011
14,3,300,3,0.1760566243517425,0.9566201489929302,0.974365577032922,5,0.0,5,models/zone_6/trial_254.json,0.6796583629808411,0.31354838609695435,0.0567741935483871,0.6772829355726439,0.6081631183624268,0.7419354838709677,0.8833005113321865,0.47252747416496277,0.06043956043956044,0.8812302989307919,0.4435778856277466,0.6456043956043956
24,6,200,3,0.0785111145301366,0.9615457459708185,0.8390770012179529,5,0.0,1,models/zone_6/trial_255.json,0.661376863002947,0.29806452989578247,0.05290322580645161,0.6592576154569482,0.6289589405059814,0.7535483870967742,0.8612538692791619,0.4780219793319702,0.04945054945054945,0.8598330564227458,0.47100716829299927,0.6291208791208791
10,5,100,7,0.04599981141036152,0.8925074257752875,0.9521720563902416,5,0.0,1,models/zone_6/trial_256.json,0.5500733174960628,0.23548386991024017,0.08064516129032258,0.5441295830238861,0.7433358430862427,0.7935483870967742,0.8786227977169895,0.45879119634628296,0.10164835164835165,0.8727231145014981,0.4494555592536926,0.6620879120879121
24,4,100,3,0.10438857933929654,0.8343589093779767,0.8544674895901172,0,1.0,10,models/zone_6/trial_257.json,0.5825417091515679,0.2503225803375244,0.05419354838709677,0.5800154291248577,0.7121421694755554,0.7838709677419354,0.8817440420197687,0.48076921701431274,0.0521978021978022,0.8801976578690985,0.44553709030151367,0.6318681318681318
8,6,100,3,0.02401989531538932,0.8311818820931571,0.8264581967024887,5,0.1,10,models/zone_6/trial_258.json,0.7628469475168961,0.3380645215511322,0.08903225806451613,0.7576336455668407,0.5063730478286743,0.7380645161290322,0.9243352357102178,0.4862637221813202,0.1510989010989011,0.9119017087835228,0.3906785845756531,0.6456043956043956
15,6,100,5,0.06079205159813658,0.8219752367040958,0.849642959478627,5,1.0,1,models/zone_6/trial_259.json,0.5713594311796479,0.2541935443878174,0.06322580645161291,0.5678504295162319,0.7230873107910156,0.7767741935483871,0.9273025953485459,0.4862637221813202,0.10714285714285714,0.9210920247474599,0.3867601156234741,0.6483516483516484
9,6,100,3,0.09328872377890408,0.9057786104065747,0.8979913036190352,1,1.0,10,models/zone_6/trial_260.json,0.6064173005494654,0.2658064663410187,0.04903225806451613,0.6044317770873447,0.6880627870559692,0.7696774193548387,0.9213582869905356,0.4752747118473053,0.07967032967032966,0.9179072597334221,0.39459705352783203,0.6593406593406593
30,6,300,5,0.28901042072275607,0.9886570684904696,0.8707870971953642,5,1.0,10,models/zone_6/trial_261.json,0.6122407286609065,0.26774194836616516,0.06387096774193549,0.6088999993078732,0.6820429563522339,0.7741935483870968,0.9405399309388843,0.5,0.06043956043956044,0.9385959962354716,0.3691270351409912,0.6456043956043956
30,6,200,7,0.28169233149458994,0.8333791054832228,0.971585366874526,0,0.0,1,models/zone_6/trial_262.json,0.0,0.0,0.0,0.0,1.0,1.0,1.006844699055598,0.541208803653717,0.04120879120879121,1.0060010433709172,0.27704310417175293,0.6291208791208791
9,7,200,5,0.043505496571025,0.9808330407923653,0.8765144562362793,1,0.1,1,models/zone_6/trial_263.json,0.41503983441449355,0.1529032289981842,0.06129032258064516,0.41048941627536445,0.8538820743560791,0.8561290322580645,0.8548504062198911,0.45604395866394043,0.08241758241758242,0.8508681289586958,0.4788441061973572,0.6538461538461539
17,6,100,3,0.0725154249094865,0.9550144115663375,0.9500695007252249,1,1.0,10,models/zone_6/trial_264.json,0.6221710075671845,0.27225807309150696,0.05419354838709677,0.6198062870823141,0.6716450452804565,0.7677419354838709,0.894120001065511,0.48076921701431274,0.06868131868131869,0.8914782251489628,0.4298632740974426,0.6401098901098901
11,5,200,3,0.05127144519053123,0.9801007154987328,0.9807327351555616,1,0.1,5,models/zone_6/trial_265.json,0.5719237364133262,0.24838709831237793,0.054838709677419356,0.5692885824557384,0.7225400805473328,0.7832258064516129,0.8739200466955529,0.47252747416496277,0.06593406593406594,0.8714292643041464,0.45533329248428345,0.6456043956043956
21,6,200,3,0.14435679851338334,0.8831600054496801,0.8102692503413051,0,1.0,1,models/zone_6/trial_266.json,0.3131525498299026,0.0903225839138031,0.04903225806451613,0.30929008034226857,0.916816771030426,0.9135483870967742,0.8786227977169895,0.4642857015132904,0.06318681318681318,0.8763477897600453,0.4494555592536926,0.6593406593406593
16,5,100,5,0.14487593102249272,0.877311369608412,0.9306864036204112,1,0.0,10,models/zone_6/trial_267.json,0.4227406662497689,0.15161290764808655,0.052258064516129035,0.4194982385092731,0.8484094738960266,0.8606451612903225,0.8971873002166685,0.4752747118473053,0.0521978021978022,0.8956675970418791,0.42594480514526367,0.6483516483516484
16,5,300,7,0.14836134867185413,0.9867954358180724,0.9737258074390509,1,0.0,5,models/zone_6/trial_268.json,0.35831144768763157,0.11419355124235153,0.054838709677419356,0.3540901194542277,0.8910956382751465,0.8916129032258064,0.9032906852193757,0.46978020668029785,0.07967032967032966,0.8997703620948443,0.41810786724090576,0.6593406593406593
17,4,200,7,0.0581241648138038,0.9984199123103957,0.8291878055696752,5,1.0,5,models/zone_6/trial_269.json,0.6164413964292376,0.26516127586364746,0.08580645161290322,0.6104402123562983,0.6776648759841919,0.7787096774193548,0.88640525082176,0.4670329689979553,0.08791208791208792,0.8820350052652236,0.4396594166755676,0.6510989010989011
8,3,300,3,0.19289560721156299,0.8742532864572702,0.8896717315963091,1,1.0,5,models/zone_6/trial_270.json,0.5211649570111733,0.2174193561077118,0.041935483870967745,0.519475041189001,0.7696042656898499,0.8058064516129032,0.88640525082176,0.4670329689979553,0.04945054945054945,0.8850248182245087,0.4396594166755676,0.6538461538461539
18,7,200,5,0.11671058412466748,0.9602447919800841,0.9171242328335312,1,0.1,5,models/zone_6/trial_271.json,0.39757328179667056,0.1412903219461441,0.05741935483870968,0.39340505057629677,0.8659217357635498,0.8664516129032258,0.88640525082176,0.48351648449897766,0.04395604395604396,0.8853147191332695,0.4396594166755676,0.6373626373626373
23,3,300,7,0.22131268789762124,0.9132701151161607,0.8134578362087079,0,0.1,5,models/zone_6/trial_272.json,0.0,0.0,0.0,0.0,1.0,1.0,0.9478141533610497,0.5192307829856873,0.03021978021978022,0.9473322612658753,0.3593308925628662,0.6208791208791209
28,6,300,7,0.1942093600143544,0.8287902953359653,0.9524217529818338,0,0.0,10,models/zone_6/trial_273.json,0.0,0.0,0.0,0.0,1.0,1.0,0.8956549636929011,0.4780219793319702,0.04945054945054945,0.8942887930399447,0.42790400981903076,0.6456043956043956
19,5,200,3,0.022148578411071665,0.8605820581497472,0.9907119320823878,0,0.1,10,models/zone_6/trial_274.json,0.6748954612525621,0.3032258152961731,0.0567741935483871,0.6725032058768733,0.6136356592178345,0.7496774193548387,0.8676100723725737,0.4615384638309479,0.07692307692307693,0.8641933192196866,0.46317023038864136,0.6538461538461539
13,6,100,5,0.1686462317017777,0.8510295763469135,0.9832142520109057,0,0.0,1,models/zone_6/trial_275.json,0.07620007653129293,0.005806451663374901,0.005806451612903226,0.07597852810215684,0.9950746893882751,0.9941935483870967,0.894120001065511,0.46978020668029785,0.07417582417582418,0.8910378760515102,0.4298632740974426,0.6483516483516484
8,5,300,5,0.23823352433119585,0.8438188902561465,0.9830268040019233,0,1.0,5,models/zone_6/trial_276.json,0.0,0.0,0.0,0.0,1.0,1.0,0.9361483048339583,0.4972527325153351,0.04120879120879121,0.9352408576942821,0.37500470876693726,0.6483516483516484
10,3,300,5,0.24539003573974622,0.8685474270832514,0.9455843791059526,1,0.1,5,models/zone_6/trial_277.json,0.400805635063643,0.14387096464633942,0.054838709677419356,0.39703636761792777,0.8637326955795288,0.8638709677419355,0.9002441816748411,0.46978020668029785,0.057692307692307696,0.8983936542923132,0.4220263361930847,0.6565934065934066
25,7,300,7,0.1058739605780103,0.9329882999159889,0.9053418310815071,5,1.0,10,models/zone_6/trial_278.json,0.6074802579144432,0.2658064663410187,0.06709677419354838,0.6037634312852478,0.6869683265686035,0.7729032258064517,0.8848542428004992,0.46978020668029785,0.09065934065934066,0.8801976578690985,0.4416186809539795,0.6510989010989011
25,7,300,5,0.24379479849499905,0.9556592224487515,0.8490593079122885,0,0.1,5,models/zone_6/trial_279.json,0.0,0.0,0.0,0.0,1.0,1.0,0.9405399309388843,0.5,0.09340659340659341,0.9358902675653594,0.3691270351409912,0.6401098901098901
15,5,300,5,0.15467356832400508,0.944855357693602,0.8809418172408441,5,0.1,5,models/zone_6/trial_280.json,0.5891491924816802,0.25806450843811035,0.07483870967741936,0.584376541048122,0.7055751085281372,0.7767741935483871,0.928782720027936,0.48351648449897766,0.08791208791208792,0.9246127986548207,0.38480091094970703,0.6565934065934066
10,4,300,3,0.25490157639390354,0.8437905116092357,0.9912353593837291,1,0.0,1,models/zone_6/trial_281.json,0.4158163354485476,0.15354838967323303,0.04516129032258064,0.4133566059262283,0.8533347845077515,0.8554838709677419,0.9273025953485459,0.48076921701431274,0.08516483516483517,0.9233834852007352,0.3867601156234741,0.6565934065934066
29,7,300,5,0.12966705728569503,0.8799701413799697,0.9133145739603239,1,0.0,1,models/zone_6/trial_282.json,0.362784918263219,0.1251612901687622,0.04516129032258064,0.35996299960163414,0.8883593082427979,0.8780645161290322,0.9048100903982182,0.4890109896659851,0.054945054945054944,0.9031402768221577,0.4161486029624939,0.6428571428571429
12,7,200,7,0.02923297297015897,0.8627914010377593,0.9778613001956091,1,0.1,5,models/zone_6/trial_283.json,0.345477693408333,0.10516128689050674,0.06387096774193549,0.3395222204648557,0.8987572193145752,0.9006451612903226,0.8879535832302128,0.4532966911792755,0.08516483516483517,0.8838599941805744,0.43770021200180054,0.6703296703296703
11,6,200,3,0.10679789760635988,0.8740760194036759,0.8616014826829468,1,0.1,5,models/zone_6/trial_284.json,0.49317929083852186,0.19806452095508575,0.054838709677419356,0.4901209262748619,0.793683648109436,0.8212903225806452,0.8786227977169895,0.4642857015132904,0.07417582417582418,0.875486133006034,0.4494555592536926,0.6510989010989011
25,4,200,5,0.25634051768617544,0.8572935182500421,0.9221145448156141,0,0.1,1,models/zone_6/trial_285.json,0.0,0.0,0.0,0.0,1.0,1.0,0.872346840616744,0.4862637221813202,0.03021978021978022,0.871823248068368,0.45729249715805054,0.6263736263736264
26,5,300,5,0.25742759066846016,0.820131966594003,0.8164620515647446,5,0.0,1,models/zone_6/trial_286.json,0.5764183163950403,0.2587096691131592,0.053548387096774196,0.5739256352137122,0.7181620001792908,0.7748387096774193,0.872346840616744,0.46978020668029785,0.0521978021978022,0.8707837851239135,0.45729249715805054,0.6510989010989011
24,6,200,3,0.28096853257207166,0.9587178763867892,0.939476701092675,0,0.0,1,models/zone_6/trial_287.json,0.14810632478309899,0.021935483440756798,0.02064516129032258,0.14666035996909424,0.9813932180404663,0.9780645161290322,0.9198662159921907,0.49450549483299255,0.06043956043956044,0.9178784808936958,0.3965563178062439,0.6401098901098901
22,4,100,3,0.09451267872209328,0.9687159573536619,0.9357479448402848,5,0.1,10,models/zone_6/trial_288.json,0.6960719386664198,0.31806451082229614,0.053548387096774196,0.694009149270809,0.5890090465545654,0.7406451612903225,0.8801847864797325,0.4890109896659851,0.06593406593406594,0.8777117828049689,0.44749635457992554,0.6236263736263736
25,3,100,3,0.268935120775048,0.8660283477603962,0.8077884495203429,5,0.0,1,models/zone_6/trial_289.json,0.6495656231008896,0.29548385739326477,0.05290322580645161,0.6474077019701259,0.6420931220054626,0.7535483870967742,0.9607689252166183,0.5274725556373596,0.054945054945054944,0.9591965200176699,0.3416977524757385,0.6181318681318682
26,3,100,3,0.2701462792854801,0.9648381844065802,0.8980720178895272,1,1.0,5,models/zone_6/trial_290.json,0.5529977016194266,0.236129030585289,0.04258064516129032,0.5513559107060987,0.7405996322631836,0.7929032258064516,0.8956549636929011,0.49450549483299255,0.04945054945054945,0.8942887930399447,0.42790400981903076,0.6318681318681318
26,7,100,7,0.0924890078619021,0.812988503966237,0.9212335465139083,1,0.0,10,models/zone_6/trial_291.json,0.3741657394738947,0.1180645152926445,0.052258064516129035,0.370498440877999,0.881244957447052,0.8896774193548387,0.8925823653973912,0.47252747416496277,0.06043956043956044,0.8905337479496044,0.4318224787712097,0.6510989010989011
29,7,100,5,0.18588024046197274,0.93780640554979,0.8064067473909162,1,1.0,1,models/zone_6/trial_292.json,0.38604697246305564,0.13741935789585114,0.03935483870967742,0.38403574668857504,0.8735833168029785,0.867741935483871,0.9048100903982182,0.5,0.07692307692307693,0.9015343359617564,0.4161486029624939,0.6208791208791209
29,6,200,5,0.28599432831685245,0.8612797517979939,0.930697883226957,1,0.1,1,models/zone_6/trial_293.json,0.38100037532322334,0.13612903654575348,0.05096774193548387,0.37757592561573433,0.87686687707901,0.8683870967741936,0.9153753780128233,0.48076921701431274,0.024725274725274724,0.9150413917970311,0.40243399143218994,0.6510989010989011
16,5,100,3,0.14377316097266274,0.9406469228196428,0.8073595301500754,0,1.0,1,models/zone_6/trial_294.json,0.48989794308159934,0.19870968163013458,0.04258064516129032,0.48804394131845164,0.7964199185371399,0.8187096774193549,0.8971873002166685,0.49175822734832764,0.046703296703296704,0.895970901883593,0.42594480514526367,0.6318681318681318
11,3,200,3,0.05330477826001659,0.8146884311474492,0.9540733416866186,5,0.1,10,models/zone_6/trial_295.json,0.6965352140946479,0.3238709568977356,0.05419354838709677,0.694423753651757,0.5884618163108826,0.7367741935483871,0.8548504062198911,0.47252747416496277,0.06043956043956044,0.8527111411862188,0.4788441061973572,0.6318681318681318
14,6,200,5,0.04555936597036753,0.9288622046534261,0.9885157461041818,5,1.0,10,models/zone_6/trial_296.json,0.6395562957325556,0.2761290371417999,0.07483870967741936,0.6351625190440121,0.6530382633209229,0.7735483870967742,0.8848542428004992,0.4642857015132904,0.09065934065934066,0.8801976578690985,0.4416186809539795,0.6538461538461539
16,4,200,7,0.019812477421914818,0.8313061913710748,0.8382977207676853,0,0.0,1,models/zone_6/trial_297.json,0.24494897154079967,0.058709677308797836,0.044516129032258066,0.24086991147917033,0.9491049647331238,0.9419354838709677,0.9093531065202913,0.46978020668029785,0.07417582417582418,0.9063228034375578,0.41027092933654785,0.6593406593406593
15,6,100,5,0.1444161445715691,0.9933105057440543,0.9567449565368022,1,0.1,1,models/zone_6/trial_298.json,0.43699855678066885,0.16516129672527313,0.06322580645161291,0.4324005542711839,0.8380115628242493,0.8470967741935483,0.8786227977169895,0.46978020668029785,0.057692307692307696,0.876726650451073,0.4494555592536926,0.6428571428571429
17,6,300,5,0.2878388831428665,0.9503028222420346,0.9736267726121176,0,0.0,1,models/zone_6/trial_299.json,0.0,0.0,0.0,0.0,1.0,1.0,0.9535935610340174,0.5247252583503723,0.04120879120879121,0.9527027316365633,0.3514939546585083,0.6153846153846154
15,6,100,5,0.26390107822885334,0.866911253553879,0.8084050951662946,0,0.0,10,models/zone_6/trial_300.json,0.07620007653129293,0.005806451663374901,0.005806451612903226,0.07597852810215686,0.9950746893882751,0.9941935483870967,0.9419992882043534,0.4972527325153351,0.046703296703296704,0.9408408151433914,0.3671678304672241,0.6565934065934066
